uri,rdfs_label,locn_geometry
http://opendata.caceres.es/recurso/urbanismo-infraestructuras/carriles-bici/CarrilBici/0,Carril bici 0,"[[-6.3749874045,39.4489264105],[-6.37451857407,39.4490863579],[-6.37386069552,39.4493109496],[-6.37342023979,39.4494609032],[-6.37386069552,39.4493109496],[-6.37451857407,39.4490863579],[-6.3749874045,39.4489264105]]"
http://opendata.caceres.es/recurso/urbanismo-infraestructuras/carriles-bici/CarrilBici/1,Carril bici 1,"[[-6.3763224889,39.4531943735],[-6.3753614448,39.4534181461],[-6.37535236191,39.4534188949],[-6.37534168727,39.4534173108],[-6.3753319371,39.4534135882],[-6.37532445058,39.4534091321],[-6.37531822954,39.4534036291],[-6.37531339222,39.453396258],[-6.37396799872,39.4510185477],[-6.37314992697,39.4495776884],[-6.37314925937,39.4495685856],[-6.37315230666,39.4495573731],[-6.37315812443,39.4495468395],[-6.37316712515,39.4495377508],[-6.37321608278,39.4495210535],[-6.37498406312,39.4489180529]]"
http://opendata.caceres.es/recurso/urbanismo-infraestructuras/carriles-bici/CarrilBici/10,Carril bici 10,"[[-6.3730085636,39.449681297],[-6.37298338008,39.4496401336],[-6.37297561991,39.4496316539],[-6.37296415662,39.4496249708],[-6.37295178604,39.4496209307],[-6.37293526752,39.4496197739],[-6.37292184246,39.4496222908],[-6.37283058962,39.4496534454],[-6.37208821805,39.4499049888],[-6.37207620124,39.4499130214],[-6.3720690941,39.4499247687],[-6.37206610121,39.4499398995],[-6.37208116545,39.4499687875]]"
http://opendata.caceres.es/recurso/urbanismo-infraestructuras/carriles-bici/CarrilBici/100,Carril bici 100,"[[-6.35282997818,39.4909084993],[-6.35349628866,39.4903063653]]"
http://opendata.caceres.es/recurso/urbanismo-infraestructuras/carriles-bici/CarrilBici/101,Carril bici 101,"[[-6.35361949789,39.490197957],[-6.35424047272,39.4896370927]]"
http://opendata.caceres.es/recurso/urbanismo-infraestructuras/carriles-bici/CarrilBici/102,Carril bici 102,"[[-6.35428125973,39.4908504823],[-6.35422659972,39.4908362711],[-6.35418556787,39.4908265843],[-6.35414682302,39.4908207271],[-6.35410314168,39.4908167686],[-6.35407026634,39.4908159142],[-6.35402958247,39.4908157287],[-6.35399200585,39.4908193224],[-6.35396402995,39.4908224959],[-6.35390934204,39.490832774],[-6.35384192903,39.4908498503],[-6.35381068117,39.4908611148],[-6.35371587406,39.4909042055],[-6.35369347685,39.4909166393],[-6.35365636224,39.490940551],[-6.35362510404,39.4909618558],[-6.35346609449,39.4911019548],[-6.35332097998,39.491233233],[-6.35331781401,39.4912375007],[-6.35331794642,39.4912412084],[-6.35331898569,39.4912462071],[-6.35332372863,39.4912543597],[-6.35333006859,39.4912636071]]"
http://opendata.caceres.es/recurso/urbanismo-infraestructuras/carriles-bici/CarrilBici/103,Carril bici 103,"[[-6.35323117374,39.4913314848],[-6.35322356577,39.4913304647],[-6.35321354621,39.4913318242],[-6.35320494711,39.491338932],[-6.35259260274,39.491888703],[-6.35259052012,39.4918932071],[-6.35259068858,39.4918995619],[-6.35259334891,39.4919050208],[-6.35260256993,39.4919139106]]"
http://opendata.caceres.es/recurso/urbanismo-infraestructuras/carriles-bici/CarrilBici/104,Carril bici 104,"[[-6.35251832971,39.4919903133],[-6.35250589848,39.4919868546],[-6.35249731537,39.4919863415],[-6.35249048981,39.4919862918],[-6.35248096368,39.4919890385],[-6.35186454154,39.4925440973]]"
http://opendata.caceres.es/recurso/urbanismo-infraestructuras/carriles-bici/CarrilBici/105,Carril bici 105,"[[-6.33968102296,39.4760374586],[-6.33961610352,39.4760405107],[-6.3395173858,39.4760418164],[-6.33944599273,39.4760392093],[-6.33938462701,39.4760258102],[-6.33934638407,39.4760090505],[-6.33932035379,39.4759899772],[-6.3393032685,39.4759665703],[-6.33929468577,39.4759394681],[-6.33929381513,39.4759225511],[-6.33927795241,39.4758012745],[-6.33925648027,39.4757174726],[-6.339224343,39.4756392614],[-6.33917238533,39.4755415365],[-6.33908034419,39.4754225676],[-6.33896357522,39.4753189164],[-6.33888949594,39.4752661641],[-6.33877854634,39.4752017889],[-6.33869134251,39.4751573731],[-6.33849006903,39.4750743156],[-6.33822745395,39.4749882318],[-6.33779854846,39.4748507871],[-6.33670963012,39.4745036203],[-6.33620587374,39.4743797507],[-6.33579086263,39.4742885472],[-6.33468032993,39.4740428062],[-6.33373465391,39.4738399498],[-6.33338628776,39.473788194],[-6.33327345174,39.4737651823],[-6.33316147523,39.4737400224],[-6.33293973442,39.4736793392],[-6.3326526403,39.4736201338],[-6.33185726436,39.4734636756],[-6.33151857413,39.473399494],[-6.32962940321,39.4730678848],[-6.3295808834,39.4730548568],[-6.32955710824,39.4730452338],[-6.32954859678,39.4730382308],[-6.32955808404,39.4730197283],[-6.32957539514,39.4730070785],[-6.33010614932,39.4725660824]]"
http://opendata.caceres.es/recurso/urbanismo-infraestructuras/carriles-bici/CarrilBici/106,Carril bici 106,"[[-6.31959074006,39.470440015],[-6.32015280611,39.4705108413],[-6.32021974803,39.4705203271],[-6.32063938195,39.4706043178],[-6.32113650439,39.4707099838],[-6.32245639359,39.4709929368],[-6.32426306392,39.4713786265],[-6.32577677574,39.4717017058],[-6.32594232646,39.4717344471],[-6.32612112142,39.4717652238],[-6.32636445874,39.4717973762],[-6.32653274659,39.4718132421],[-6.32671396217,39.4718190318],[-6.32699108745,39.4718102003],[-6.3270629426,39.4718052904],[-6.32715324116,39.471792866],[-6.32724199341,39.4717751466],[-6.32740365738,39.4717374528],[-6.32763129971,39.4716686064],[-6.32780648756,39.471591594],[-6.32787652632,39.4715612635],[-6.32791802773,39.4715442498],[-6.32795437297,39.4715371204],[-6.32799503839,39.4715419454],[-6.32802497015,39.4715559967],[-6.32803595431,39.4715623621],[-6.32812132315,39.4716287873],[-6.32814923018,39.4716423955],[-6.32820591122,39.4716594438],[-6.32824425861,39.4716686611],[-6.32843408275,39.4717135516],[-6.32854143033,39.47174876],[-6.32859612949,39.4717711489],[-6.32864332109,39.471794277],[-6.32872138962,39.4718408062],[-6.32877980197,39.4718875319],[-6.32883326037,39.4719435445],[-6.32887814443,39.4719948445],[-6.32895207863,39.4720620251],[-6.32907782435,39.4721517913],[-6.32921284642,39.4722395015],[-6.32935366276,39.472315776],[-6.32950279518,39.4723843603],[-6.3295687466,39.4724088915],[-6.32972750738,39.4724628055],[-6.32982665711,39.472486276],[-6.32990181397,39.4724996728],[-6.32998831059,39.4725117093],[-6.33006023393,39.4725331359],[-6.33010614932,39.4725660824],[-6.33015671656,39.4725901363],[-6.33022042376,39.4726155795],[-6.33029394839,39.47264094],[-6.33046119723,39.4726840525],[-6.33079354572,39.4727614863],[-6.33101201279,39.4728099422],[-6.33182038043,39.4729903853],[-6.33223354035,39.4730794331],[-6.33232966075,39.4730912836],[-6.33240985137,39.4730987974],[-6.33258176113,39.4731017153],[-6.33271034777,39.4731063687],[-6.3327761572,39.4731073119],[-6.33286677647,39.4731099591],[-6.33293185493,39.4731108855],[-6.33312414479,39.473114164],[-6.33320362623,39.4731210937],[-6.33328458602,39.4731467777],[-6.33335225314,39.4731948481],[-6.33340732052,39.4732471676],[-6.33345360141,39.473304462],[-6.33346891463,39.473363244],[-6.33345180497,39.4734280895],[-6.33335510105,39.4737022901],[-6.33334391993,39.4737268524],[-6.33332039215,39.4737729719]]"
http://opendata.caceres.es/recurso/urbanismo-infraestructuras/carriles-bici/CarrilBici/108,Carril bici 108,"[[-6.34079338224,39.4764785765],[-6.34075578226,39.4764339539],[-6.34072735802,39.4764008869],[-6.34067236775,39.4763264483],[-6.34063086409,39.4762635831],[-6.34061591814,39.4762279071],[-6.34059437114,39.4761577764],[-6.3405860225,39.4760855546],[-6.34057856043,39.4760400008]]"
http://opendata.caceres.es/recurso/urbanismo-infraestructuras/carriles-bici/CarrilBici/109,Carril bici 109,"[[-6.34056383175,39.4765903296],[-6.34052308308,39.4765562397],[-6.34039426938,39.4764612635],[-6.34032069617,39.476417114],[-6.34028013158,39.4763954391],[-6.34021133472,39.4763685795],[-6.34012386385,39.4763380509]]"
http://opendata.caceres.es/recurso/urbanismo-infraestructuras/carriles-bici/CarrilBici/11,Carril bici 11,"[[-6.36221213081,39.4506950201],[-6.36222422623,39.4508614585],[-6.36222784506,39.4509092927],[-6.36222603718,39.4509250768],[-6.36221974818,39.450941856],[-6.36220869858,39.4509563336],[-6.36219783814,39.4509658016],[-6.3621665665,39.450980917],[-6.36210137206,39.4510093126],[-6.3620582906,39.451036303],[-6.36201074356,39.4510692244],[-6.36197067495,39.4511006703],[-6.3619093173,39.4511623431],[-6.36173372767,39.4513471941],[-6.36164936631,39.4514376837],[-6.36121778099,39.4519375731],[-6.36119038151,39.4519731451],[-6.36112800828,39.4520494022],[-6.36104580167,39.4521857314],[-6.36098060791,39.4523074614],[-6.36095792884,39.4523570855],[-6.36086460868,39.4525909124],[-6.36082518493,39.4527175192],[-6.36080887655,39.45279365],[-6.36077124455,39.452983722],[-6.36074397169,39.4532143885],[-6.36073807788,39.4533212604],[-6.3607470109,39.4533795246],[-6.36088197143,39.4539221936],[-6.36095591861,39.4541448761],[-6.36112463808,39.4545581223],[-6.36120563222,39.4547253026],[-6.36131215156,39.454926343],[-6.36138213967,39.4550480306],[-6.36140416633,39.4550825312],[-6.36160261014,39.455388943],[-6.36170294464,39.4555307873],[-6.36185652905,39.4557344894],[-6.36216550899,39.4560936609],[-6.36235023358,39.4562848562],[-6.36261581102,39.4565327813],[-6.36267562388,39.4565856878],[-6.36302754487,39.4568732459],[-6.3632930737,39.4570681754],[-6.36363192134,39.4572914847],[-6.36383649232,39.4574112881],[-6.3641151308,39.4575744619],[-6.36418746283,39.4576121594],[-6.36429756606,39.457654611],[-6.36443153871,39.457691452],[-6.36452630448,39.4577067625],[-6.36463417031,39.4577175128],[-6.36468811112,39.4577173257],[-6.3647579503,39.4577152196],[-6.36481536449,39.4577113117],[-6.3649059567,39.4576993816],[-6.36515915135,39.4576220402],[-6.3655018092,39.4575140624],[-6.36556592745,39.4576885346],[-6.36560478868,39.457797518],[-6.36547289853,39.4578359322]]"
http://opendata.caceres.es/recurso/urbanismo-infraestructuras/carriles-bici/CarrilBici/110,Carril bici 110,"[[-6.38209158127,39.4855164412],[-6.3820971149,39.4855679893],[-6.38206741558,39.4856766429],[-6.38202855218,39.4857523916],[-6.38199614305,39.4857966144],[-6.38195720838,39.4858535885],[-6.38192844811,39.4859030018],[-6.38191077632,39.4859437253],[-6.38190038328,39.4859953403],[-6.38189503174,39.4860560083],[-6.38189600374,39.4861120511],[-6.38190229936,39.4861491429],[-6.38193238242,39.4862699426],[-6.38193585386,39.4863296175],[-6.38193408704,39.4863649952],[-6.38192669572,39.4864097816],[-6.38190745366,39.486454301],[-6.381857295,39.4865361805],[-6.38176631403,39.4866786738],[-6.38152262966,39.4870757955],[-6.3813475033,39.4873481009],[-6.38129166533,39.4874312995],[-6.38118707681,39.4875681897],[-6.38111371174,39.4876618909],[-6.38101874164,39.4877694083],[-6.38085363416,39.4879455091],[-6.38072385221,39.4880675664],[-6.38063681082,39.488151083],[-6.38047443726,39.4882921626],[-6.3802850425,39.4884428441],[-6.38005957026,39.4886022752],[-6.37986637011,39.4887314154],[-6.37970340928,39.4888332268],[-6.37958860108,39.4889015577],[-6.3793748037,39.4890206412],[-6.3792718971,39.4890791089],[-6.37912701913,39.489149741],[-6.37899153743,39.4892158171],[-6.37882058337,39.4892962795],[-6.3786006157,39.4893955535],[-6.37853630711,39.4894234597],[-6.37836222197,39.4894900548],[-6.37829482688,39.4895132486],[-6.37799794192,39.4896144895],[-6.37744071637,39.4897850947],[-6.37739549795,39.4897926366],[-6.37735752909,39.4897943094],[-6.37732318867,39.4897929505],[-6.37724247684,39.4897790969],[-6.37720261933,39.4897642346],[-6.377158215,39.4897417775],[-6.37710142306,39.4896982671],[-6.37705932072,39.4896496394],[-6.37703971036,39.4896103738],[-6.37703351756,39.4895869107],[-6.37702655419,39.4895451089],[-6.37702893919,39.4895083831]]"
http://opendata.caceres.es/recurso/urbanismo-infraestructuras/carriles-bici/CarrilBici/111,Carril bici 111,"[[-6.37221342674,39.4529779057],[-6.3721375009,39.4532046413],[-6.37213263793,39.4532180537],[-6.37212269449,39.4532313511],[-6.37210614488,39.4532464712],[-6.37209423587,39.4532540899],[-6.37109303484,39.4536504134],[-6.37032057692,39.4539558747],[-6.37029603416,39.4539724631],[-6.37028239321,39.4539851248],[-6.37027228553,39.4539952908],[-6.37026542999,39.4540072781],[-6.37015965413,39.4542167593],[-6.37014358256,39.4542398073],[-6.37013062483,39.4542532203],[-6.37011817484,39.4542625974],[-6.37010148319,39.4542712345],[-6.37008837329,39.4542760892],[-6.36997072447,39.4542926295],[-6.36907019457,39.4544204414],[-6.36900757488,39.4544288788],[-6.36898473536,39.45443464],[-6.36895736539,39.454444967],[-6.36893476022,39.4544610361],[-6.36891634621,39.4544815466],[-6.36891005655,39.4544997558],[-6.36890177168,39.4545382595],[-6.36896842309,39.4549242119],[-6.36904137543,39.4553854832],[-6.3690328635,39.4554322987],[-6.36894236278,39.455738251],[-6.36883169251,39.4559991623],[-6.36876027519,39.4561732135],[-6.36874022708,39.4562040298]]"
http://opendata.caceres.es/recurso/urbanismo-infraestructuras/carriles-bici/CarrilBici/112,Carril bici 112,"[[-6.4400661719,39.5529569355],[-6.44003282412,39.5529650292],[-6.44004011283,39.5530136571],[-6.44003538462,39.5530599481],[-6.44002058311,39.5531048459],[-6.44000145483,39.5531408198],[-6.43997862712,39.5531634693],[-6.43994241399,39.553186184],[-6.43988986498,39.5532069171],[-6.43957795698,39.5533151741],[-6.43933894604,39.5533999929],[-6.4389451548,39.5535322981],[-6.43890453799,39.5535450058],[-6.43873902412,39.5535963997],[-6.4386146414,39.5536305929],[-6.43850276285,39.5536570438],[-6.43834546526,39.5536843848],[-6.43817716003,39.5537040956],[-6.43789143949,39.5537362608],[-6.43759413315,39.5537606925],[-6.43750005311,39.5537697816],[-6.43741649502,39.553777854],[-6.43724552155,39.5537973244],[-6.43716585364,39.5538054762],[-6.43696103962,39.5538305957],[-6.43678288357,39.5538554924],[-6.43653072751,39.5538926291],[-6.43616597999,39.5539502524],[-6.43582883977,39.5540008266],[-6.43546128037,39.554055773],[-6.43505774028,39.5541175812],[-6.43458676734,39.5541933937],[-6.43432638636,39.554229443],[-6.4340247425,39.5542767421],[-6.43388825626,39.5543013837],[-6.43379586014,39.5543201526],[-6.43372109887,39.5543403921],[-6.43363905499,39.5543592995],[-6.43357232368,39.5543795362],[-6.43348752239,39.5544037878],[-6.43339188375,39.5544315836],[-6.43325146406,39.5544776685],[-6.43313902807,39.5545222996],[-6.43302096396,39.5545680675],[-6.4328477565,39.5546448679],[-6.432689981,39.554726063],[-6.43257473073,39.5547933335],[-6.43245049346,39.5548676122],[-6.43232771794,39.5549527336],[-6.43209601016,39.5551167957],[-6.43187723516,39.5552741165],[-6.43161545469,39.5554614761],[-6.43128458749,39.5557012696],[-6.43101864089,39.555884752],[-6.43083188238,39.5560163832],[-6.43058965543,39.5561877769],[-6.43028455681,39.556403994],[-6.4301929205,39.5564714242],[-6.42983633773,39.55672659],[-6.42946396734,39.5569869007],[-6.42917719864,39.5571918992],[-6.42892476667,39.5573715317],[-6.42866501723,39.5575538844],[-6.42834047622,39.5577857014],[-6.4281754737,39.5579046571],[-6.42806518397,39.5579791498],[-6.42795908367,39.558053645],[-6.42787394897,39.5581087851],[-6.42776849688,39.5581688804],[-6.42765271485,39.5582313594],[-6.42753722543,39.5582859171],[-6.42741633005,39.5583418864],[-6.42732139407,39.5583819446],[-6.42722338812,39.5584200428],[-6.42714277914,39.5584503284],[-6.42695660244,39.5585091753],[-6.42680164144,39.5585515968],[-6.42665680791,39.5585845131],[-6.42652272307,39.5586100099],[-6.42637936199,39.5586314272],[-6.42623153529,39.5586540066],[-6.42608956687,39.5586660853],[-6.42588945102,39.5586801183],[-6.42571686223,39.5586925089],[-6.42558735618,39.5587074758],[-6.42548894552,39.5587218705],[-6.42535460751,39.5587479009],[-6.42520891566,39.5587819674],[-6.42503230027,39.5588245371],[-6.42483478919,39.5588688054],[-6.42454652421,39.5589375467],[-6.4242614421,39.5590020336],[-6.42397870191,39.5590661213],[-6.42359952552,39.5591541045],[-6.42334219207,39.5592140697],[-6.42306320152,39.5592774276],[-6.42294663712,39.5593042999],[-6.42284789106,39.5593339998],[-6.42276063826,39.5593581891],[-6.42268158522,39.5593840918],[-6.42270494706,39.5594289332]]"
http://opendata.caceres.es/recurso/urbanismo-infraestructuras/carriles-bici/CarrilBici/113,Carril bici 113,"[[-6.31959074006,39.470440015],[-6.31947249164,39.4704262992],[-6.31922858792,39.4703980081],[-6.31904552823,39.4703767741],[-6.31884044788,39.4703468721],[-6.31869194905,39.4703252198],[-6.31855845497,39.470302272],[-6.31833176858,39.4702562278],[-6.31808607702,39.4702037719],[-6.31790789005,39.4701648188],[-6.31780863366,39.470142619],[-6.31772581814,39.4701267713],[-6.31762908828,39.4701056251],[-6.3174772954,39.4700812168],[-6.31730291786,39.4700433463],[-6.31706602841,39.46999358],[-6.31683323843,39.4699394284],[-6.31653554805,39.4698708369],[-6.3161996567,39.4697943943],[-6.31593160934,39.4697351338],[-6.31538570731,39.4696130248],[-6.31493132966,39.4695139323],[-6.3146577368,39.4694570916],[-6.31450470253,39.4694316554],[-6.31426870161,39.469394347],[-6.31410171544,39.469364606],[-6.31375157123,39.4692918088],[-6.3134981167,39.4692411546],[-6.31273912646,39.4690729981],[-6.31225715066,39.4689623071],[-6.31210758558,39.4689230117],[-6.31184340514,39.4688587385],[-6.31155013799,39.4687802822],[-6.31132660103,39.4687193656],[-6.31108774946,39.4686609739],[-6.31068348111,39.4685702769],[-6.30973040604,39.4683596511],[-6.30940537352,39.4682872799],[-6.30751542161,39.4678698121],[-6.30731286838,39.4678300142],[-6.30721895932,39.4678200638],[-6.30713739326,39.467805233],[-6.30705850686,39.4677874779],[-6.30697118178,39.4677555909],[-6.30681356269,39.4677161021],[-6.30609713869,39.467557148],[-6.30583242527,39.4674992481],[-6.30510222713,39.4673356757],[-6.30443019095,39.4671906815],[-6.30435098694,39.4671787717],[-6.30417373981,39.4671457312],[-6.3039975309,39.4671075139],[-6.30384230697,39.467068483],[-6.3034601675,39.4669619562],[-6.30311663701,39.4668514537],[-6.30277936516,39.4667450771],[-6.30254235346,39.4666679039],[-6.30236841644,39.4666190714],[-6.30214267601,39.4665595248],[-6.30182986028,39.4664845721],[-6.30157269459,39.4664308196],[-6.30138788601,39.4663976602],[-6.30129688614,39.4663945516],[-6.30120048824,39.4663982855],[-6.30114550615,39.4663930269],[-6.30104559414,39.4663548705],[-6.30089441818,39.4662816783],[-6.30081976649,39.4662540629],[-6.30072953589,39.4662310628],[-6.3005207385,39.4661937967],[-6.29996138039,39.466089221],[-6.29950744818,39.4660129741],[-6.2991718016,39.4659643606],[-6.29874760525,39.4658837002],[-6.29866891389,39.4658704945],[-6.29859086729,39.4658595791],[-6.2983376996,39.4658258213],[-6.29817001552,39.4658003075],[-6.29792827213,39.4657545691],[-6.2973075182,39.4656117217],[-6.29620695668,39.4653651324],[-6.29586466284,39.4652894778],[-6.29497325267,39.4650927962],[-6.29466661399,39.4650196746],[-6.2939336394,39.46485579],[-6.29343732105,39.4647572015],[-6.29311516719,39.4646871274],[-6.29297690719,39.4646586018],[-6.29279828769,39.4646180361],[-6.29264340686,39.4645812736],[-6.29123156624,39.4642585485],[-6.28994411507,39.4639677262],[-6.28946880114,39.4638491997],[-6.28910430672,39.4637366028],[-6.2888951918,39.4636640345],[-6.28882045092,39.4636247484],[-6.28734125096,39.462742371],[-6.28679211413,39.4624090193],[-6.28666655315,39.4623291988],[-6.28659032761,39.4622904455],[-6.28652229767,39.4622672417],[-6.28643666592,39.4622629669],[-6.28635205775,39.4622700925],[-6.28626063485,39.462282747],[-6.28621689669,39.4622760374],[-6.28618609953,39.4622571159],[-6.28615927487,39.4622303236],[-6.28615515861,39.4621852904],[-6.28616706491,39.462140738],[-6.28625093213,39.461982857],[-6.28629586854,39.4618844333],[-6.28630873557,39.4618363838],[-6.28630060262,39.4618003579],[-6.28626376021,39.4617483035],[-6.28620292739,39.461686161],[-6.28611639412,39.461610762],[-6.2860232861,39.4615497588],[-6.2859158674,39.461502313],[-6.2858716843,39.4614881982],[-6.28580228213,39.4614814579],[-6.28574371863,39.4614977236],[-6.28558092832,39.4615542167],[-6.28549696882,39.4615824032],[-6.28544271265,39.4616010447],[-6.28538914135,39.4616020686],[-6.28534509086,39.4615845438],[-6.28531124967,39.4615496238],[-6.28526168457,39.4614853265],[-6.28519293158,39.4614069459],[-6.28504919375,39.461275176],[-6.28485758681,39.4611203879],[-6.28461263477,39.4609514123],[-6.28433255242,39.4607395277],[-6.28389413222,39.4603977998],[-6.28377052564,39.4602764533],[-6.28367738031,39.4601637822],[-6.28362017738,39.4601050295],[-6.28241930953,39.4591775818],[-6.28214009783,39.4589659914],[-6.28078237019,39.4579222092],[-6.28055084068,39.4577386076],[-6.2803486853,39.4575642165],[-6.28022139918,39.4574434912],[-6.28013258911,39.4573515386],[-6.27993189207,39.4571321105],[-6.27981925715,39.4569929565],[-6.27973142214,39.4568759982],[-6.27923404945,39.4562120234],[-6.27896436237,39.4558553141],[-6.27862141666,39.4554005442],[-6.2782786812,39.4549254962],[-6.27822646086,39.4548355367],[-6.27820543441,39.4547918137],[-6.27815560814,39.4546956221],[-6.27807362047,39.4544946137],[-6.27799578632,39.4542528894],[-6.27794355931,39.4540784593],[-6.27791371623,39.4539881706],[-6.27760692582,39.452893496],[-6.27735856474,39.452012563],[-6.2768972137,39.4504186535],[-6.27675910959,39.4499293932],[-6.27604156792,39.4474511733],[-6.27595861558,39.4471436284],[-6.27585560421,39.4467872746],[-6.27582370477,39.4466511468],[-6.2757861655,39.4463964292],[-6.27576704799,39.446294446],[-6.27573048064,39.4460477147],[-6.27554844204,39.4448173186],[-6.27550107833,39.4444902721],[-6.27548899866,39.4444052341],[-6.27543146285,39.4440373671],[-6.27538168175,39.4436360324],[-6.27537339407,39.443582422]]"
http://opendata.caceres.es/recurso/urbanismo-infraestructuras/carriles-bici/CarrilBici/114,Carril bici 114,"[[-6.39384519389,39.4688223041],[-6.39384838393,39.4688204924],[-6.39385111709,39.4688118344],[-6.39385140092,39.4688042312],[-6.39385065863,39.4688002176],[-6.39383328704,39.4687864872],[-6.39364711734,39.4686480781],[-6.39345937451,39.4685216959],[-6.3933154895,39.4684335784],[-6.39311279774,39.4683221723],[-6.39296977292,39.4682502277],[-6.39278500104,39.4681662827],[-6.39260349482,39.4680910818],[-6.39237932869,39.4680053108],[-6.39217709847,39.4679336846],[-6.39139636532,39.467696506],[-6.39109799711,39.4676062421],[-6.39104138387,39.467585904],[-6.39098479449,39.4675601596],[-6.39090406536,39.467515572],[-6.39075733496,39.4674087223],[-6.3906697087,39.4673511422],[-6.39053628881,39.4672822352],[-6.3901439466,39.4670959286],[-6.39010251692,39.4670754602],[-6.39004183399,39.4670503222],[-6.38973497855,39.4669286382],[-6.38960956048,39.4668730921],[-6.38944352653,39.4667956242],[-6.38877270532,39.4664366412],[-6.38859234021,39.4663376034],[-6.38847630933,39.4662664954],[-6.38845319309,39.4662433778],[-6.38841112332,39.4661926237],[-6.38836214101,39.4660819454],[-6.38829722749,39.4659853271],[-6.38822495947,39.465914908],[-6.38813266803,39.4658543376],[-6.38804788766,39.4658142347],[-6.38802156363,39.465804086],[-6.3880008896,39.4657986386],[-6.38795305316,39.4657894665],[-6.38791819888,39.4657874375],[-6.38787683293,39.4657877534],[-6.38781819386,39.4657883039],[-6.38774589131,39.4657905325],[-6.387670828,39.4657900909],[-6.38763780489,39.4657927743],[-6.38758147964,39.465795868],[-6.38756255531,39.4657973111],[-6.38754215441,39.4657952954],[-6.38752710829,39.4657896631],[-6.38750695189,39.465781113],[-6.38749162105,39.46577236],[-6.38747366838,39.4657585654],[-6.38744866525,39.4657303308],[-6.38740439861,39.4656928216],[-6.38732339325,39.4656419519],[-6.38717891774,39.4655504162],[-6.38693989745,39.4653333155],[-6.38692875325,39.4653025458],[-6.38688792982,39.4652434507],[-6.38678233143,39.4651430325],[-6.38661350094,39.464972821],[-6.38609936224,39.4643993107],[-6.38596747559,39.4642437484],[-6.38581293284,39.4640740518],[-6.38575922734,39.464025975],[-6.38571733438,39.4639990096],[-6.38569766928,39.4639800378],[-6.38555233541,39.463808368],[-6.38548948663,39.4637230264],[-6.38512456002,39.4631341155],[-6.38502002964,39.4629564146],[-6.38494958571,39.462830028],[-6.38486129799,39.4626923401],[-6.38484408615,39.4626641586],[-6.38483242911,39.462637737],[-6.38481504553,39.4625953819],[-6.38476566994,39.4624313247],[-6.38472154296,39.4622419162],[-6.38470986462,39.4621809208],[-6.38467679685,39.4619657359],[-6.38467516339,39.4619445133],[-6.38467298374,39.4618811423],[-6.38468302638,39.4618596823],[-6.38471298133,39.461825753],[-6.38475526664,39.4617888055],[-6.38480907406,39.4617562367],[-6.38486461904,39.4617340057],[-6.38496972354,39.4616958479],[-6.38499909195,39.461684441],[-6.385050558,39.4616599263],[-6.38506999443,39.4616474972],[-6.38510097738,39.4616214262],[-6.38511382201,39.4616000418],[-6.38512474424,39.4615770169],[-6.38512894572,39.4615481911],[-6.38512945553,39.4615105065],[-6.38511572537,39.4614136822],[-6.38510821776,39.4613825753],[-6.385111614,39.4613752535],[-6.38511870714,39.4613711086]]"
http://opendata.caceres.es/recurso/urbanismo-infraestructuras/carriles-bici/CarrilBici/12,Carril bici 12,"[[-6.36217229967,39.451030634],[-6.36217600858,39.4510353796],[-6.36220860291,39.4510333774],[-6.36222333599,39.4511954885],[-6.36229092088,39.4517853647],[-6.36230629093,39.4518811344],[-6.36234083913,39.4521034657],[-6.36240341892,39.4524807916],[-6.36240954159,39.4525005161],[-6.3624387483,39.4525615025],[-6.36267165694,39.4529688616],[-6.36264316678,39.4529838444]]"
http://opendata.caceres.es/recurso/urbanismo-infraestructuras/carriles-bici/CarrilBici/13,Carril bici 13,"[[-6.36267195546,39.4530171272],[-6.36269671738,39.4530072695],[-6.36277691569,39.4531206879],[-6.36337083943,39.453834383],[-6.36355813209,39.4540675185],[-6.36351847042,39.4540858126]]"
http://opendata.caceres.es/recurso/urbanismo-infraestructuras/carriles-bici/CarrilBici/14,Carril bici 14,"[[-6.36354741626,39.4541219778],[-6.36358829597,39.4541041912],[-6.36361193265,39.4541335181],[-6.36376161877,39.4543314697],[-6.36379068093,39.4543695765],[-6.36417680675,39.4549178034],[-6.3641985643,39.4549501038],[-6.36415802407,39.4549659105]]"
http://opendata.caceres.es/recurso/urbanismo-infraestructuras/carriles-bici/CarrilBici/15,Carril bici 15,"[[-6.36418210917,39.4550021024],[-6.36422262874,39.4549868437],[-6.36428741401,39.4550872984],[-6.36449076151,39.4554101883],[-6.36461564068,39.4556230556],[-6.36490590731,39.4561518811],[-6.36488973554,39.4561574493]]"
http://opendata.caceres.es/recurso/urbanismo-infraestructuras/carriles-bici/CarrilBici/16,Carril bici 16,"[[-6.36490912276,39.4561966786],[-6.36492364703,39.4561918373],[-6.3649406829,39.4562221503],[-6.36514343216,39.4566423568],[-6.36534021261,39.4570968099],[-6.36548341593,39.4574645822],[-6.36544478513,39.4574765937]]"
http://opendata.caceres.es/recurso/urbanismo-infraestructuras/carriles-bici/CarrilBici/17,Carril bici 17,"[[-6.36559522657,39.4580940446],[-6.36568981244,39.4580659485],[-6.36571133528,39.4581486957],[-6.36576773932,39.4583372413],[-6.36570877935,39.4583540019]]"
http://opendata.caceres.es/recurso/urbanismo-infraestructuras/carriles-bici/CarrilBici/18,Carril bici 18,"[[-6.36572712214,39.4583925312],[-6.3657788838,39.4583791719],[-6.36581494659,39.4585102333],[-6.36593131603,39.4589958231],[-6.36596832343,39.4591205992],[-6.3660244617,39.4592735672],[-6.36608772211,39.4594052448],[-6.36622031429,39.4596257197],[-6.36620201146,39.4596329825],[-6.36619053321,39.4596373837],[-6.36617604142,39.4596373295]]"
http://opendata.caceres.es/recurso/urbanismo-infraestructuras/carriles-bici/CarrilBici/19,Carril bici 19,"[[-6.36617668311,39.4596765543],[-6.36625857794,39.4596797127],[-6.36630660182,39.4597350236],[-6.3664854286,39.4599342508],[-6.36655442471,39.4599993834],[-6.36662235552,39.4600580453],[-6.36674310754,39.4601533916],[-6.36690297351,39.4602635096],[-6.36698279343,39.4603123429],[-6.36712877724,39.4603948248]]"
http://opendata.caceres.es/recurso/urbanismo-infraestructuras/carriles-bici/CarrilBici/2,Carril bici 2,"[[-6.37315650427,39.4494109568],[-6.37311178722,39.4494251837],[-6.37310124045,39.4494263555],[-6.37308973763,39.4494260955],[-6.37307432235,39.4494224567],[-6.37306243782,39.4494162341],[-6.3730557943,39.4494102866],[-6.37263932763,39.4486731203],[-6.37263906436,39.4486613239],[-6.37264327874,39.4486526448],[-6.37264961204,39.4486440136],[-6.37265983001,39.4486354702],[-6.37267201235,39.4486310842]]"
http://opendata.caceres.es/recurso/urbanismo-infraestructuras/carriles-bici/CarrilBici/20,Carril bici 20,"[[-6.39405730554,39.4459576],[-6.39402933433,39.4459399725],[-6.39401853439,39.4459262946],[-6.39401351761,39.4459091817],[-6.39401296909,39.4458954595],[-6.3940171443,39.4458782785],[-6.3940336233,39.4458596094],[-6.39437817409,39.4455218416],[-6.39485809555,39.4450513543],[-6.39522989809,39.4446862834],[-6.39549271961,39.4444281352]]"
http://opendata.caceres.es/recurso/urbanismo-infraestructuras/carriles-bici/CarrilBici/21,Carril bici 21,"[[-6.39367124401,39.4457227891],[-6.39371182603,39.4457434415],[-6.39373143858,39.4457482685],[-6.39375445425,39.4457471393],[-6.39377693736,39.4457413369],[-6.39379425616,39.445731854],[-6.39384812013,39.4456806897],[-6.39445345044,39.4450846775],[-6.3944633343,39.4450687604],[-6.39446586851,39.4450495449],[-6.39446465113,39.445038863],[-6.39446033094,39.4450301485],[-6.39445238965,39.4450176067],[-6.39444591844,39.4450116419],[-6.39442052387,39.4449962994]]"
http://opendata.caceres.es/recurso/urbanismo-infraestructuras/carriles-bici/CarrilBici/22,Carril bici 22,"[[-6.39448313409,39.4449345503],[-6.39451227684,39.4449491877],[-6.39453329157,39.4449543202],[-6.39455338991,39.4449555933],[-6.39457648705,39.4449522723],[-6.3945962673,39.4449431187],[-6.39463435255,39.4449075038],[-6.39522211146,39.4443302056]]"
http://opendata.caceres.es/recurso/urbanismo-infraestructuras/carriles-bici/CarrilBici/23,Carril bici 23,"[[-6.39360970249,39.4457846457],[-6.39364136394,39.4458075658],[-6.3936518413,39.4458204139],[-6.39365860327,39.4458381143],[-6.39365670581,39.4458605561],[-6.39365061605,39.4458722101],[-6.39364359971,39.4458802788],[-6.39347726377,39.446044256],[-6.39322808503,39.446288517],[-6.39302866695,39.4464839319],[-6.39301402965,39.4464919079],[-6.39299892132,39.4464962696],[-6.39297944351,39.4464986531],[-6.39296154769,39.4464965282],[-6.39294334174,39.4464918893],[-6.3929152822,39.446475278]]"
http://opendata.caceres.es/recurso/urbanismo-infraestructuras/carriles-bici/CarrilBici/24,Carril bici 24,"[[-6.39284975919,39.4465371092],[-6.39287618682,39.4465541539],[-6.39288797663,39.4465683634],[-6.39289425946,39.4465840162],[-6.39289540067,39.4465967333],[-6.39288787562,39.4466224053],[-6.39288269642,39.4466285957],[-6.39278618914,39.4467237718],[-6.39247390231,39.447029761]]"
http://opendata.caceres.es/recurso/urbanismo-infraestructuras/carriles-bici/CarrilBici/25,Carril bici 25,"[[-6.39399189683,39.4460180317],[-6.39396727313,39.4460054148],[-6.39394771158,39.445999218],[-6.39393362665,39.4459978054],[-6.39392121547,39.4459988982],[-6.39390663433,39.4460013132],[-6.39389555398,39.4460046294],[-6.39387941719,39.4460108483],[-6.3938471039,39.4460433019],[-6.39375059874,39.4461384789],[-6.39326211212,39.4466189439],[-6.39325452543,39.4466305028],[-6.39325087277,39.4466417917],[-6.39325039985,39.4466636989],[-6.39326535114,39.4466892606],[-6.39329432056,39.4467085558]]"
http://opendata.caceres.es/recurso/urbanismo-infraestructuras/carriles-bici/CarrilBici/26,Carril bici 26,"[[-6.39322943159,39.446770989],[-6.39320176232,39.4467547391],[-6.39318427865,39.4467496856],[-6.39316313061,39.4467481144],[-6.39314539139,39.4467499102],[-6.39312709919,39.4467567576],[-6.39310537871,39.4467705288],[-6.39299268891,39.4468826166],[-6.39285978436,39.4470131021],[-6.39270246328,39.4471682815]]"
http://opendata.caceres.es/recurso/urbanismo-infraestructuras/carriles-bici/CarrilBici/27,Carril bici 27,"[[-6.40244703212,39.4720855147],[-6.40246867746,39.4720739337],[-6.40248360695,39.4720717997],[-6.40249837332,39.4720740491],[-6.40251363217,39.4720820677],[-6.40255497216,39.4721208312],[-6.40334748738,39.4728809161],[-6.40335269224,39.4728862565]]"
http://opendata.caceres.es/recurso/urbanismo-infraestructuras/carriles-bici/CarrilBici/28,Carril bici 28,"[[-6.4034940956,39.4728096019],[-6.40350778991,39.4728201148],[-6.40352654,39.4728312779],[-6.40354597337,39.4728395911],[-6.40357555158,39.4728455338],[-6.40359671089,39.4728477972],[-6.40361798001,39.4728471084],[-6.4036419922,39.4728440635],[-6.40366719234,39.4728370161],[-6.40367853512,39.472833151],[-6.40375094751,39.4727902422],[-6.40436941799,39.4724431264],[-6.40453337052,39.4723590446],[-6.40481689262,39.4722164518],[-6.40504802915,39.4721074094],[-6.40520409741,39.4720369976],[-6.40540853609,39.4719470321],[-6.40558156338,39.4718698007],[-6.40575236009,39.4717852016],[-6.40592961273,39.4716941484],[-6.40605713343,39.4716259773],[-6.40637630194,39.471433679],[-6.40643774925,39.471395223],[-6.40648036444,39.4713640242],[-6.40651208295,39.4713263442],[-6.40653898023,39.4712851976],[-6.40655445166,39.4712351588],[-6.40655764227,39.4711992414],[-6.40655563943,39.4711605746],[-6.40654704799,39.4711253539],[-6.40652279221,39.4710787472],[-6.4064978952,39.4710494006],[-6.40638796514,39.4709605746],[-6.40553359488,39.4702947545],[-6.40550279521,39.4702767923],[-6.40547871478,39.4702683029],[-6.40545448163,39.4702639231],[-6.40542512958,39.4702640904],[-6.40539167771,39.4702699243],[-6.40536372544,39.470279994],[-6.40526596956,39.4703416998],[-6.40266768568,39.471954846],[-6.40265921367,39.4719639794],[-6.40265649255,39.4719800963],[-6.40265955642,39.471992778],[-6.40266471958,39.4720060549],[-6.40267245763,39.4720166474],[-6.40268192131,39.4720283753]]"
http://opendata.caceres.es/recurso/urbanismo-infraestructuras/carriles-bici/CarrilBici/29,Carril bici 29,"[[-6.40232545415,39.4719064331],[-6.40224698346,39.4718298227],[-6.40151866271,39.4711309494],[-6.40139937431,39.4710162196],[-6.40138261369,39.4709997062],[-6.40136826177,39.4709890441],[-6.40135317602,39.4709818126],[-6.40133287078,39.470973681],[-6.40131769763,39.4709687978],[-6.4012917554,39.4709655541],[-6.4012626161,39.4709667827],[-6.40123740348,39.4709710761],[-6.40096732786,39.4710383282]]"
http://opendata.caceres.es/recurso/urbanismo-infraestructuras/carriles-bici/CarrilBici/3,Carril bici 3,"[[-6.37262094301,39.4485416771],[-6.37259810577,39.4485474282],[-6.37258231229,39.4485484814],[-6.37256975778,39.4485439671],[-6.37256009914,39.448537638],[-6.37255483141,39.4485273344],[-6.37194266034,39.4474463125],[-6.37194164026,39.4474360378],[-6.37194395391,39.447426689],[-6.37195106942,39.4474154791],[-6.37195912099,39.4474078129],[-6.37197433669,39.447400636],[-6.37208395523,39.4473858792],[-6.37311299566,39.4472482705],[-6.37312893872,39.4472472598],[-6.37314358543,39.4472525264],[-6.37315214625,39.4472598491],[-6.3731836659,39.4473145785]]"
http://opendata.caceres.es/recurso/urbanismo-infraestructuras/carriles-bici/CarrilBici/30,Carril bici 30,"[[-6.40035818388,39.4689717145],[-6.40034436581,39.4689725022],[-6.40032394796,39.468970126],[-6.40030546986,39.4689631319],[-6.40029492679,39.4689519281],[-6.40027484453,39.4688778618],[-6.40025200416,39.4687933775],[-6.40024558548,39.4687663624],[-6.4002438223,39.4687140195],[-6.40025675995,39.4686490496],[-6.40027838152,39.4686001089],[-6.40030865795,39.4685513619],[-6.40034555607,39.4685075614],[-6.40038144898,39.4684782024],[-6.40039493661,39.4684663274],[-6.40045673311,39.4684297472],[-6.4005068854,39.4684067395],[-6.40055903665,39.4683897305],[-6.40061323169,39.4683788731],[-6.40064310956,39.4683740574],[-6.40068550876,39.4683693651],[-6.40077488446,39.468370069],[-6.40091711203,39.4683864115],[-6.40101901699,39.468403223],[-6.40112379962,39.4684261241],[-6.40124677973,39.4684579379],[-6.40162311737,39.4685552918],[-6.40184933579,39.4686189561],[-6.40191079293,39.4686370499],[-6.40218851569,39.4687188143],[-6.40228798388,39.4687495544],[-6.40267367834,39.4688765141],[-6.40282917597,39.4689326355],[-6.40321317458,39.4690760624],[-6.40327163343,39.4690991334],[-6.40335628386,39.469132541],[-6.40418919845,39.4694850217],[-6.40426729974,39.4695215523],[-6.40439816472,39.4695827621],[-6.40476504408,39.4697756017],[-6.40484909584,39.4698257377],[-6.40509797332,39.4699781458],[-6.40521772695,39.470057047],[-6.40523742232,39.4700788743],[-6.4052492328,39.4701016352],[-6.40525111004,39.4701109215],[-6.40525293894,39.4701269442],[-6.40525133024,39.4701430469],[-6.40524566672,39.4701595291],[-6.40523701589,39.4701748478],[-6.40522078534,39.4701929742],[-6.40520020095,39.4702086532]]"
http://opendata.caceres.es/recurso/urbanismo-infraestructuras/carriles-bici/CarrilBici/31,Carril bici 31,"[[-6.40089389004,39.4708982893],[-6.40087129805,39.4708973139],[-6.40085291251,39.4708918888],[-6.40083626434,39.4708832122],[-6.40082546673,39.4708693391],[-6.40081929894,39.4708450716],[-6.40065158141,39.4702410392],[-6.40065249596,39.4702327553],[-6.40065703832,39.4702247093],[-6.40066328673,39.4702196785],[-6.40066885376,39.4702166693],[-6.4007101164,39.4702037464]]"
http://opendata.caceres.es/recurso/urbanismo-infraestructuras/carriles-bici/CarrilBici/32,Carril bici 32,"[[-6.40065739392,39.4700775141],[-6.40063580355,39.4700822018],[-6.40062122826,39.4700829725],[-6.40061210556,39.4700783813],[-6.400605054,39.4700724262],[-6.40060156244,39.4700631037],[-6.40035116156,39.4691451699],[-6.40036081549,39.469125028]]"
http://opendata.caceres.es/recurso/urbanismo-infraestructuras/carriles-bici/CarrilBici/33,Carril bici 33,"[[-6.38880794715,39.4716281938],[-6.3888483367,39.4716016815],[-6.38887252941,39.4715868699],[-6.38889037322,39.47157975],[-6.38891397171,39.471575423],[-6.388931552,39.471575348],[-6.38895004795,39.4715778004],[-6.38899550053,39.4715941768],[-6.39214894488,39.472686872],[-6.39222125496,39.4727104305],[-6.39224445389,39.4727235643],[-6.39227108858,39.4727488398],[-6.3922820099,39.4727688271],[-6.39228602939,39.4727842725],[-6.39228338773,39.4727981973],[-6.39227078661,39.4728298078]]"
http://opendata.caceres.es/recurso/urbanismo-infraestructuras/carriles-bici/CarrilBici/34,Carril bici 34,"[[-6.37375937419,39.4640326969],[-6.37372881456,39.4640502713],[-6.37374760054,39.4640694979],[-6.37376094698,39.4640896705],[-6.37376678291,39.4641126871],[-6.37376808125,39.4641237675],[-6.37376887519,39.4641400081],[-6.37376434106,39.4641638784],[-6.37375095676,39.4641920925],[-6.37373485094,39.4642120975],[-6.37371608414,39.4642276552],[-6.37367448084,39.4642488076],[-6.37333342612,39.4644307993],[-6.3732935577,39.4644474469],[-6.37326265125,39.4644514097],[-6.373229468,39.4644501113],[-6.37318669312,39.4644406443],[-6.37315044136,39.4644269376],[-6.37311862577,39.4644054438],[-6.37310449237,39.4643914256],[-6.37309897436,39.4643846754],[-6.37306601527,39.4644054185]]"
http://opendata.caceres.es/recurso/urbanismo-infraestructuras/carriles-bici/CarrilBici/35,Carril bici 35,"[[-6.37410583959,39.4644089096],[-6.37407469536,39.4644259113],[-6.3740643566,39.4644161199],[-6.37404292635,39.4644004373],[-6.37402352802,39.4643898145],[-6.37399479763,39.4643802343],[-6.3739691555,39.4643744843],[-6.37393966815,39.464374288],[-6.37390558709,39.4643780618],[-6.37387846689,39.4643880276],[-6.37387003218,39.4643920675],[-6.37377207623,39.4644451635],[-6.37347233871,39.4646098386],[-6.37345836161,39.4646192819],[-6.37344846276,39.4646307871],[-6.3734403589,39.4646436759],[-6.37342880853,39.4646678689],[-6.3734237747,39.4646889075],[-6.37342405958,39.4647081861],[-6.3734294335,39.4647318103],[-6.37344075143,39.4647558485],[-6.373456825,39.4647796697],[-6.37346198004,39.4647847546],[-6.37342800148,39.4648024562]]"
http://opendata.caceres.es/recurso/urbanismo-infraestructuras/carriles-bici/CarrilBici/36,Carril bici 36,"[[-6.37335487616,39.4648461082],[-6.37334345434,39.4648335517],[-6.37333493382,39.4648247441],[-6.37331700246,39.4648117001],[-6.37330493028,39.464805893],[-6.37328946494,39.464800701],[-6.37325104222,39.4647928931],[-6.37321628151,39.4647855163],[-6.37318556393,39.4647813247],[-6.37317344239,39.4647807817],[-6.37316217729,39.4647805271],[-6.37315208491,39.464781375],[-6.37314109564,39.4647830098],[-6.37311623157,39.4647891739],[-6.37310460165,39.4647926884],[-6.37309775508,39.4647955203],[-6.37307316966,39.4648081441],[-6.37300024899,39.4648483388],[-6.3727700843,39.4649731233],[-6.37240525425,39.4651725358],[-6.37164577045,39.4655851864],[-6.37162042447,39.4656053281],[-6.37158670718,39.465637877],[-6.37156929279,39.4656630237],[-6.37154941837,39.4657111837],[-6.37154468035,39.4657382649],[-6.3715456258,39.4657695941],[-6.3715460037,39.4657800021],[-6.37155418364,39.4658115286],[-6.37156425733,39.46583422],[-6.3715919849,39.4658809849]]"
http://opendata.caceres.es/recurso/urbanismo-infraestructuras/carriles-bici/CarrilBici/37,Carril bici 37,"[[-6.37021864565,39.4663617319],[-6.37031800015,39.4663074849],[-6.37118346207,39.4658377379],[-6.37128561907,39.4657835933],[-6.3712970535,39.4657782024],[-6.37131089659,39.4657733368],[-6.37132467769,39.4657701176],[-6.37134265179,39.4657684056],[-6.37135994846,39.4657685614],[-6.37137782515,39.4657694365],[-6.37139529229,39.4657731272],[-6.37141776492,39.4657809328],[-6.37143811673,39.4657966939],[-6.37145068913,39.4658094543],[-6.3715073202,39.4659047175],[-6.37155627867,39.465978739]]"
http://opendata.caceres.es/recurso/urbanismo-infraestructuras/carriles-bici/CarrilBici/38,Carril bici 38,"[[-6.37167466497,39.4661719597],[-6.37175493009,39.4663059299],[-6.37177145638,39.4663403295],[-6.37177597098,39.4663599551],[-6.37177956608,39.466382942],[-6.37178039967,39.4663950286],[-6.37177744406,39.4664375854],[-6.37177431116,39.4664523494],[-6.37177057463,39.4664647169],[-6.37176360897,39.4664812389],[-6.37175779267,39.4664935594],[-6.37173595113,39.4665320116],[-6.37172325439,39.4665533234],[-6.3715344423,39.4668713043],[-6.37151945749,39.4668980984],[-6.37149947433,39.4669391388],[-6.37149586494,39.4669481271],[-6.37148033828,39.4669871737],[-6.37147714655,39.4670028395],[-6.37146654222,39.4670434807],[-6.37146448417,39.4670586533],[-6.37146078744,39.4670858078],[-6.37145939945,39.4671307372],[-6.37146165107,39.467175749],[-6.37146836142,39.467215212],[-6.3715336299,39.4674393092],[-6.37159290992,39.4676284096]]"
http://opendata.caceres.es/recurso/urbanismo-infraestructuras/carriles-bici/CarrilBici/39,Carril bici 39,"[[-6.38289201973,39.4522315232],[-6.3829061009,39.4522283093],[-6.38293552813,39.4522772285],[-6.3829597894,39.4523020207],[-6.38303453522,39.4523564329],[-6.38307619472,39.4523844389],[-6.38311182407,39.4524116057],[-6.38313074956,39.4524309813],[-6.38316743772,39.4524865962],[-6.3831796714,39.4525144721],[-6.38318505263,39.4525409578],[-6.38318314382,39.452563936],[-6.38317471548,39.4526025869],[-6.3831723358,39.4526256023],[-6.38319274177,39.4526641962],[-6.38322032349,39.4527137799],[-6.38361212855,39.4533990061],[-6.38363223172,39.4534375931],[-6.38363980127,39.4534704838],[-6.38363929126,39.4535246138],[-6.3836383171,39.4535587246],[-6.38364323899,39.4535862514],[-6.38365041291,39.4536074222],[-6.38373833246,39.4538409151],[-6.38379027144,39.4540005144],[-6.38381782734,39.4541075345],[-6.38387850485,39.454345556],[-6.38392392168,39.4546173962],[-6.38395053656,39.4548569241],[-6.38398948,39.455245516],[-6.38401176179,39.4554305694],[-6.38402160026,39.4555082367],[-6.38406406163,39.4557944394],[-6.38410692299,39.4560832018],[-6.38411284962,39.4561113476],[-6.38412269346,39.4561240452],[-6.38413284562,39.4561285109],[-6.38414915979,39.4561305258],[-6.38416747849,39.4561276426],[-6.38418316478,39.4561221107],[-6.3841990008,39.4561125804],[-6.38421531626,39.4560983529],[-6.38422789197,39.4560786272],[-6.38423402883,39.4560606397],[-6.38423724637,39.4560557687],[-6.38424249862,39.4560532976],[-6.38424836618,39.4560506048],[-6.38425353034,39.4560504857]]"
http://opendata.caceres.es/recurso/urbanismo-infraestructuras/carriles-bici/CarrilBici/4,Carril bici 4,"[[-6.37330029533,39.4472771814],[-6.37329056616,39.4472539288],[-6.37329073958,39.4472468459],[-6.37329540302,39.4472363862],[-6.37330274316,39.4472284045],[-6.37331325153,39.447222106],[-6.37332905515,39.4472192399],[-6.37397358662,39.4471323021]]"
http://opendata.caceres.es/recurso/urbanismo-infraestructuras/carriles-bici/CarrilBici/40,Carril bici 40,"[[-6.38440910454,39.4560704543],[-6.38444378971,39.4560751358],[-6.38443430206,39.4561339735],[-6.38437766721,39.456446057],[-6.38436894162,39.4564891738],[-6.38435063312,39.4565687434],[-6.38432473662,39.456664556],[-6.38430948716,39.45673136],[-6.3842921963,39.4568384888],[-6.38427809435,39.4569723757],[-6.38427502451,39.4570827082],[-6.38428067718,39.4571870578],[-6.38428661616,39.4572695806],[-6.38432213362,39.4575118834],[-6.38435833405,39.4577508029],[-6.38448344847,39.4585766353],[-6.38475662167,39.4603512036],[-6.38476358716,39.460424569],[-6.38476011117,39.4604937051],[-6.38475090358,39.46054505],[-6.38473234608,39.4605969569],[-6.38471310108,39.4606518974],[-6.3847075566,39.4606783726],[-6.38470754155,39.460703089],[-6.38472057331,39.4607735308],[-6.3847640213,39.4608291207],[-6.38480233246,39.4608678818],[-6.38482672961,39.4608864792],[-6.38486773248,39.4609019965]]"
http://opendata.caceres.es/recurso/urbanismo-infraestructuras/carriles-bici/CarrilBici/41,Carril bici 41,"[[-6.39375229489,39.4688939422],[-6.39371603924,39.4689218477]]"
http://opendata.caceres.es/recurso/urbanismo-infraestructuras/carriles-bici/CarrilBici/42,Carril bici 42,"[[-6.39362467411,39.4689938433],[-6.3936012714,39.4690120157],[-6.3935961424,39.4690192989],[-6.39359548048,39.4690463212]]"
http://opendata.caceres.es/recurso/urbanismo-infraestructuras/carriles-bici/CarrilBici/43,Carril bici 43,"[[-6.38277644723,39.4523034049],[-6.38275174377,39.4523120723]]"
http://opendata.caceres.es/recurso/urbanismo-infraestructuras/carriles-bici/CarrilBici/44,Carril bici 44,"[[-6.39397171892,39.4698660847],[-6.39412135891,39.4698422518],[-6.39419140161,39.4698302282],[-6.3942250268,39.4698260388],[-6.39427073763,39.4698254159],[-6.39429513938,39.469826375],[-6.39433834292,39.4698359946],[-6.39436562226,39.4698452571],[-6.39439851005,39.4698608245],[-6.39442445127,39.469877472],[-6.39445080041,39.4698974243],[-6.3944706109,39.4699217613],[-6.39455929419,39.4700731977],[-6.3946781714,39.4703037573],[-6.39472789162,39.4704112717],[-6.3948805463,39.4707936593],[-6.39492599633,39.470934269],[-6.3949512963,39.4710209917],[-6.3950003693,39.4712054886],[-6.39500719372,39.4712341247],[-6.39503570602,39.471366204],[-6.39505677443,39.4714768424],[-6.3950861339,39.4716791444],[-6.39509832208,39.4717836987],[-6.39518922697,39.4722797905],[-6.395207559,39.4723864834],[-6.39522985827,39.4725719469],[-6.39526586062,39.4729143601],[-6.3952732067,39.4729698672],[-6.39528973114,39.4730778363],[-6.39530556937,39.4731550465],[-6.39534081526,39.4732956388],[-6.39534628129,39.4733200073],[-6.39534547281,39.4733476484],[-6.39534479703,39.4733657588],[-6.39533965022,39.4733816505],[-6.39533198019,39.473400075],[-6.39532678565,39.4734253815],[-6.39532418068,39.4734545124],[-6.39533037734,39.4734918442],[-6.39533527566,39.4735070194],[-6.39551700998,39.4737683013],[-6.39552320068,39.4737813869],[-6.39552296373,39.4737877373],[-6.39552390997,39.4738030594],[-6.39552321171,39.4738136366],[-6.39550687735,39.4738433803],[-6.3954985702,39.473866675],[-6.39549861823,39.4738938645],[-6.39552417919,39.4739492262],[-6.39555332453,39.4739939576],[-6.39564547504,39.47408924],[-6.39578885614,39.4742049144],[-6.39593250537,39.4742991735],[-6.39614210014,39.4744237157],[-6.39630602102,39.4745015388],[-6.39646896386,39.4745628619],[-6.39666618805,39.4746167138],[-6.39682899086,39.4746533165],[-6.39700506716,39.4746932737],[-6.39720417635,39.4747393399],[-6.39723848176,39.4747454636],[-6.39727240983,39.4747474593],[-6.39743487924,39.4747502741],[-6.39759583287,39.4747509951],[-6.39776239564,39.4747580206],[-6.39821015364,39.4747859069],[-6.39842249739,39.4747986643],[-6.39857121856,39.4748078786],[-6.39891345992,39.4748294629],[-6.39914879657,39.4748443814],[-6.39928453393,39.4748532307],[-6.39935687136,39.4748673256],[-6.39942886705,39.4748905934],[-6.39951167997,39.4749331704],[-6.39959250825,39.474987162],[-6.3997278494,39.4750821091],[-6.39980209245,39.4751335401],[-6.39984174111,39.4751752435],[-6.39986956648,39.4752199864],[-6.39988050191,39.4752508238],[-6.39988656604,39.4753069169],[-6.39988745329,39.4753296695],[-6.39989198104,39.4753863293],[-6.39990074176,39.4754119482],[-6.39992211151,39.4754413803],[-6.39994264465,39.4754606715],[-6.39997681953,39.4754805034],[-6.40001534832,39.4754920001],[-6.4000517726,39.4755003478],[-6.40008458851,39.4755159121],[-6.40010897758,39.4755376435],[-6.40012008631,39.4755654336],[-6.40011979719,39.4755731952],[-6.40011134623,39.4755963105],[-6.40008474656,39.4756200745],[-6.40004968885,39.4756402405],[-6.40002208662,39.4756558654],[-6.39983814057,39.4757440845],[-6.39980353664,39.475762635],[-6.39977344622,39.4757798519],[-6.39972779419,39.4758073135],[-6.39971930594,39.4758151271],[-6.399709394,39.4758285584],[-6.39970888912,39.4758339612]]"
http://opendata.caceres.es/recurso/urbanismo-infraestructuras/carriles-bici/CarrilBici/45,Carril bici 45,"[[-6.36810447855,39.4938745779],[-6.36804132993,39.4938298935],[-6.3679974393,39.4937959438],[-6.3679499998,39.4937433763],[-6.36792245793,39.4936986745],[-6.36790639567,39.493659588],[-6.36789756518,39.4936260206],[-6.36789702841,39.4935979963],[-6.36789555395,39.4935666553],[-6.36789149901,39.4935233802],[-6.36787732483,39.4934765095],[-6.36786162276,39.4934419626],[-6.36785736918,39.4934138541],[-6.36785831373,39.4933747409],[-6.36786505241,39.4933369948],[-6.36806296422,39.4931027901]]"
http://opendata.caceres.es/recurso/urbanismo-infraestructuras/carriles-bici/CarrilBici/46,Carril bici 46,"[[-6.36810302329,39.4930460963],[-6.36811798146,39.4930254113],[-6.36814365829,39.4929968038],[-6.36816155624,39.4929812022],[-6.36818837021,39.492970746],[-6.36821768415,39.4929664666],[-6.36824319741,39.4929663383],[-6.36833329314,39.4929688497]]"
http://opendata.caceres.es/recurso/urbanismo-infraestructuras/carriles-bici/CarrilBici/47,Carril bici 47,"[[-6.36829773485,39.4929010705],[-6.36830564985,39.4928884795],[-6.36827224228,39.492872481],[-6.36825743423,39.4928564918],[-6.36824860663,39.4928369305],[-6.36824772727,39.4928219245],[-6.36826685786,39.4927673166],[-6.36830529857,39.4926690266],[-6.36834830066,39.4925317045],[-6.36836672943,39.492453735],[-6.36838304541,39.4923451125],[-6.36841518863,39.4917545798],[-6.3684265816,39.4915044022],[-6.36843936573,39.4912343867]]"
http://opendata.caceres.es/recurso/urbanismo-infraestructuras/carriles-bici/CarrilBici/48,Carril bici 48,"[[-6.36844318966,39.4911732703],[-6.36845475325,39.491138414],[-6.36848297352,39.4911148073],[-6.36849701711,39.491104768],[-6.36852008297,39.4910970515],[-6.36854259699,39.4910959136],[-6.36856901979,39.4910958058],[-6.36859356892,39.4910970679],[-6.36863093377,39.4911047406]]"
http://opendata.caceres.es/recurso/urbanismo-infraestructuras/carriles-bici/CarrilBici/49,Carril bici 49,"[[-6.35477791991,39.4926301162],[-6.3547924123,39.4926414761],[-6.35480241213,39.4926477567],[-6.35481044866,39.492650899],[-6.35481908688,39.4926519027],[-6.35482704687,39.4926524874],[-6.35483675592,39.4926527085],[-6.35484871885,39.4926529808],[-6.35486053389,39.4926525772],[-6.35487076817,39.4926526757],[-6.35488395492,39.4926527069],[-6.3548962748,39.4926527183],[-6.35491245991,39.4926514726],[-6.35493670185,39.4926482581],[-6.35495636457,39.4926422492],[-6.35496487517,39.492637466],[-6.3549746147,39.4926323072],[-6.35499624656,39.4926227449],[-6.35505991094,39.4925833794],[-6.35515397239,39.4925187823],[-6.35520744707,39.4924801816],[-6.35531503827,39.4923965899],[-6.35540882387,39.4923211218],[-6.35549525419,39.4922474933],[-6.35571092532,39.4920613446],[-6.3558223074,39.4919574553],[-6.35585446201,39.491924021],[-6.35586114144,39.4919080316],[-6.35586292055,39.4918931413],[-6.35585939792,39.4918747759],[-6.35585601656,39.4918586921],[-6.35585500639,39.4918441418],[-6.35585446015,39.4918265084],[-6.35585543351,39.4918099856],[-6.35585654475,39.4917989809],[-6.3558553972,39.4917926327],[-6.35585016,39.4917843083],[-6.35584426513,39.4917796008],[-6.35578261771,39.4917422076]]"
http://opendata.caceres.es/recurso/urbanismo-infraestructuras/carriles-bici/CarrilBici/5,Carril bici 5,"[[-6.37185746131,39.4476543259],[-6.37175013829,39.4474654859],[-6.37174419469,39.4474570472],[-6.37173613888,39.4474510677],[-6.37172685461,39.4474455305],[-6.37171710786,39.4474415497],[-6.37170564072,39.4474403502],[-6.37168703409,39.4474410263],[-6.37159652574,39.4474524544],[-6.37077373659,39.4475636479],[-6.37075945608,39.4475674378],[-6.37074536374,39.4475756192],[-6.37073937316,39.4475845322],[-6.37073970829,39.4475944109],[-6.37074843906,39.4476159959]]"
http://opendata.caceres.es/recurso/urbanismo-infraestructuras/carriles-bici/CarrilBici/50,Carril bici 50,"[[-6.36461769386,39.4894114914],[-6.36461299035,39.4893982026],[-6.36460380388,39.4893795661],[-6.36458766668,39.4893566021],[-6.36455798082,39.4893289213],[-6.36447878681,39.4892791042],[-6.3643391411,39.4891977853],[-6.36426548087,39.4891542139],[-6.3640933456,39.4890394671],[-6.36402939084,39.4889881711],[-6.36395562827,39.4889292377],[-6.36389278225,39.488876731],[-6.36382345619,39.4888269608],[-6.36370212521,39.4887471748],[-6.36347910932,39.4885985783],[-6.36329438744,39.4884666844],[-6.36318070858,39.4883813042],[-6.36304726334,39.4882800921],[-6.36285993544,39.4881510367],[-6.3626006153,39.4879824336],[-6.36209813982,39.4876551058]]"
http://opendata.caceres.es/recurso/urbanismo-infraestructuras/carriles-bici/CarrilBici/51,Carril bici 51,"[[-6.3623205465,39.4874472059],[-6.36243770793,39.4875207196],[-6.36294865962,39.4878574132],[-6.36355651348,39.4882553001],[-6.36401563218,39.4885579355],[-6.36435042537,39.4887736259],[-6.3645341969,39.488887762],[-6.36472398721,39.4889967484],[-6.36487173054,39.4890747154],[-6.36498979604,39.4891324756],[-6.3650996836,39.4891826572],[-6.36522365134,39.4892349015],[-6.36546712904,39.4893268466],[-6.36564555134,39.4893865041],[-6.36577588868,39.4894248862],[-6.36594951338,39.4894717608],[-6.36621293425,39.4895321086],[-6.36642878543,39.4895716043],[-6.36654506507,39.4895882457],[-6.36669931562,39.4896092685],[-6.36692898474,39.4896346584],[-6.36709368945,39.4896495131],[-6.36720663838,39.4896606379],[-6.36743444818,39.4896789816],[-6.36765387169,39.4896942513],[-6.36772961068,39.4897009105],[-6.36780441203,39.4897042527],[-6.36785494514,39.4897029258],[-6.36791169137,39.489691853],[-6.3679605355,39.4896789533],[-6.36799407535,39.4896632353],[-6.36803425052,39.4896406646],[-6.36808337113,39.4896063501],[-6.36814460742,39.4895682549],[-6.36819383962,39.4895450654],[-6.36824374249,39.4895181835],[-6.36827815474,39.4894934225],[-6.36829485945,39.4894732036],[-6.36830704961,39.4894458795],[-6.36831932989,39.4894020797],[-6.36832428865,39.4893692366],[-6.36832893081,39.489316613],[-6.36835289916,39.4890662051],[-6.36835487711,39.4890419453]]"
http://opendata.caceres.es/recurso/urbanismo-infraestructuras/carriles-bici/CarrilBici/52,Carril bici 52,"[[-6.3649995931,39.4895371213],[-6.36510349346,39.4895679603],[-6.36519540154,39.4896027645],[-6.36530251789,39.4896412007],[-6.36538945494,39.4896709487],[-6.36545570635,39.4896936365],[-6.36553122435,39.4897178253],[-6.36561774133,39.4897426203],[-6.36567101641,39.4897551272],[-6.36578684154,39.4897730023],[-6.36590463645,39.4897917385],[-6.36601827711,39.4898079087],[-6.36610327778,39.4898226058],[-6.36633862708,39.4898631616],[-6.36653937709,39.4898944879],[-6.36665056534,39.4899052467],[-6.36676703203,39.4899169488],[-6.36687467462,39.4899230957],[-6.36708630898,39.4899333432],[-6.36726400573,39.489941901],[-6.367432161,39.4899498303],[-6.36760667218,39.4899583154],[-6.36771155149,39.4899672824],[-6.3677829966,39.4899750801],[-6.36781798939,39.4899839488],[-6.36786726608,39.4900024171],[-6.36789398904,39.4900147502],[-6.36793925554,39.4900463771],[-6.36798390977,39.4900942324],[-6.36802972443,39.4901435264],[-6.36806115002,39.4901717795],[-6.36807969689,39.4901850442],[-6.36811110307,39.4902057643],[-6.36816496261,39.4902349964]]"
http://opendata.caceres.es/recurso/urbanismo-infraestructuras/carriles-bici/CarrilBici/53,Carril bici 53,"[[-6.36867298698,39.4910516098],[-6.36850947197,39.490974934],[-6.36848085094,39.4909608682],[-6.36846905195,39.4909516559],[-6.36846149174,39.4909427751],[-6.36845985764,39.4909377947],[-6.36845832828,39.4909219886],[-6.3684622505,39.4908643024],[-6.36847317256,39.4905244649],[-6.36847072282,39.4904740677],[-6.36847224887,39.4904336141],[-6.36847694375,39.4903977049],[-6.3684880739,39.490368297],[-6.36850618938,39.4903308085],[-6.36852238148,39.4903121081],[-6.36855878613,39.4902767993],[-6.36857836172,39.490265002],[-6.36859962463,39.4902567739],[-6.3686342549,39.4902483777],[-6.36865887295,39.4902397547],[-6.36868644082,39.4902277538],[-6.36872524061,39.4902065725],[-6.36876175512,39.490181573],[-6.36883090749,39.4901357298],[-6.36889354449,39.4901093714],[-6.36896463409,39.4900923848],[-6.36902742285,39.4900864063],[-6.36912775689,39.49008909],[-6.36926758626,39.4901013187],[-6.3697337855,39.4901393488],[-6.36981390457,39.4901451978],[-6.37023614012,39.4901804438],[-6.37042380531,39.4901964607],[-6.37076936378,39.4902237821],[-6.37104379642,39.4902464627],[-6.37111964113,39.490251945],[-6.37142964044,39.4902782757],[-6.37148569658,39.4902826375],[-6.37150483456,39.4902858952],[-6.37152810309,39.4902900534],[-6.37155265733,39.4902969309],[-6.37159637221,39.4903156754],[-6.37163331968,39.4903384534],[-6.37166803998,39.4903679572],[-6.37172324947,39.4904339399],[-6.37177529461,39.4904791363],[-6.37182534679,39.4905127531],[-6.37186161679,39.4905334939],[-6.37189158031,39.4905603006],[-6.37191928925,39.4905985907],[-6.37194671896,39.4906604141],[-6.37195915216,39.490701669],[-6.37196571369,39.4907451303],[-6.37196577786,39.4907514874]]"
http://opendata.caceres.es/recurso/urbanismo-infraestructuras/carriles-bici/CarrilBici/54,Carril bici 54,"[[-6.36856896852,39.4889555609],[-6.36855684843,39.4891078232],[-6.36853519494,39.4892997434],[-6.36853548362,39.4893343532],[-6.36853922805,39.4893900503],[-6.36854865708,39.4894297589],[-6.3685605955,39.4894654564],[-6.36858483884,39.4894989609],[-6.36861623289,39.4895260362],[-6.36865562473,39.4895495401],[-6.36870214925,39.489569955],[-6.36874584829,39.4895948373],[-6.3687898144,39.4896267287],[-6.36883375263,39.4896734493],[-6.36889492036,39.4897423931],[-6.36893331011,39.4897671551],[-6.36897921076,39.4897900274],[-6.36902651485,39.4898038688],[-6.36908618599,39.4898138707],[-6.3692282162,39.4898240895],[-6.36940029582,39.4898382647],[-6.37063322486,39.4899397544],[-6.37093624558,39.4899647365],[-6.37147801394,39.4900065182],[-6.3715342947,39.4900077913],[-6.37160050476,39.4899994024],[-6.37164670927,39.4899860295],[-6.37170498235,39.4899626311],[-6.37176749928,39.4899253225],[-6.37181091481,39.4898960561],[-6.37188265893,39.4898572642],[-6.37193447184,39.4898360735],[-6.37198691138,39.4898224295],[-6.37205564588,39.4898115081],[-6.37210371591,39.4898090643],[-6.37215298541,39.4898095423],[-6.37221707523,39.4898151111],[-6.37229672146,39.4898309184],[-6.37238326859,39.4898610294],[-6.37246445346,39.4899065312],[-6.37252980681,39.4899632095],[-6.37258963373,39.4900255299],[-6.37264742215,39.4900667694],[-6.37270331883,39.4900983994],[-6.37273392027,39.4901082718],[-6.37278866325,39.4901185061],[-6.37287402251,39.4901237316],[-6.37300016146,39.4901361612],[-6.3736860048,39.4901902011],[-6.37392827842,39.4902055635],[-6.37420634919,39.4902164627],[-6.37451868918,39.4902198131],[-6.37462060373,39.4902187137],[-6.37494484006,39.4902092929],[-6.3751588874,39.4901980626],[-6.37542853756,39.4901775024],[-6.37562208894,39.4901500956],[-6.37600774061,39.4900933577],[-6.37625677476,39.4900561391],[-6.37640968663,39.4900281445],[-6.37647586708,39.4900124549],[-6.37653773529,39.4899903121],[-6.37661706096,39.489942508],[-6.37665786519,39.4899071782],[-6.3767081364,39.4898458191],[-6.37673377395,39.4897939045],[-6.37674762577,39.4897485503],[-6.37675385448,39.4896959621],[-6.37676409424,39.4895903489],[-6.37676855812,39.4895362413]]"
http://opendata.caceres.es/recurso/urbanismo-infraestructuras/carriles-bici/CarrilBici/55,Carril bici 55,"[[-6.37209725098,39.4908115933],[-6.37210703742,39.4907351931],[-6.37211808314,39.4906958964],[-6.37213501588,39.4906554969],[-6.37215752173,39.4906082205],[-6.37216857497,39.4905969361],[-6.37217521002,39.4905900831],[-6.37218640659,39.4905891005],[-6.37222004283,39.4905849178],[-6.37227992843,39.4905751497],[-6.37235311507,39.4905508523],[-6.37241964731,39.4905198133],[-6.37247800978,39.4904799388],[-6.37255115936,39.4904355028],[-6.37259259546,39.4904180115],[-6.37264177698,39.4904029843],[-6.37268946207,39.4903946466],[-6.37274550067,39.4903902642],[-6.37283255941,39.4903927034],[-6.37311788204,39.4904160071],[-6.37341472976,39.4904396883],[-6.37365739268,39.4904596025],[-6.37385371437,39.4904715725],[-6.37394827868,39.4904762991],[-6.37406488625,39.4904823035],[-6.37442983673,39.4904881745],[-6.37460994952,39.4904870655],[-6.37477763084,39.4904850832],[-6.37494270624,39.490480103],[-6.37506583378,39.4904737336],[-6.37541128608,39.4904510386],[-6.37568880759,39.4904240192],[-6.37609812233,39.4903727472],[-6.37628252487,39.4903443677],[-6.37661326956,39.4902864523],[-6.37689388884,39.4902289363],[-6.37715768739,39.4901665086],[-6.37742418924,39.4900974104],[-6.37776955415,39.4899970733],[-6.37809639295,39.4898893399],[-6.37828717124,39.4898225548],[-6.37854662033,39.4897223272],[-6.37875048232,39.4896386526],[-6.37889069166,39.4895761399],[-6.37900140318,39.4895265116],[-6.37904651253,39.4895058726],[-6.37934201656,39.4893619354],[-6.37954041008,39.4892580685],[-6.37977309019,39.4891288996],[-6.37995247655,39.4890217197],[-6.38011240825,39.4889231637],[-6.38023558606,39.4888410805],[-6.380548835,39.4886170741],[-6.38077730062,39.4884339657],[-6.3809224328,39.4883051382],[-6.38105606802,39.4881790058],[-6.38115543819,39.4880799072],[-6.38141804884,39.487793313],[-6.38154893382,39.4876261296],[-6.3816783924,39.4874473794],[-6.38173498356,39.4873551248],[-6.3819831821,39.4869529116],[-6.3821104636,39.4867513198],[-6.3821673771,39.4866648579],[-6.38227284364,39.4864922265],[-6.38230967797,39.4864492725],[-6.38233539405,39.4864274891],[-6.38235675135,39.4864166712],[-6.38238655054,39.4864074558],[-6.38242091272,39.4864061113],[-6.38245163763,39.4864126884],[-6.38247373533,39.486422602],[-6.38249287314,39.4864385693],[-6.38251545204,39.4864680317],[-6.38253473574,39.4865124853],[-6.38254633009,39.4865419798],[-6.38256611216,39.4866095723]]"
http://opendata.caceres.es/recurso/urbanismo-infraestructuras/carriles-bici/CarrilBici/56,Carril bici 56,"[[-6.3826855947,39.4865310769],[-6.38272349137,39.4865265752],[-6.38270789837,39.4864323007],[-6.38269845823,39.4863572686],[-6.38269470249,39.4863015715],[-6.38269954614,39.4862716087],[-6.38271138446,39.4862393318],[-6.38272218232,39.4862206255],[-6.38275388408,39.486178079],[-6.38277894945,39.4861296222],[-6.38279963938,39.4860738578],[-6.38280806159,39.4860228634],[-6.38280831087,39.4859666386],[-6.38280809035,39.4858981479],[-6.3828068431,39.4858570283],[-6.38281548143,39.4858002716],[-6.38284157332,39.4857244436],[-6.38291095076,39.4855854301],[-6.38294817314,39.4855141138],[-6.38299233641,39.4854133582],[-6.38302408769,39.4853176783],[-6.38306138628,39.4851878436],[-6.38307911383,39.4851354046],[-6.3831212701,39.4850527292],[-6.3831515206,39.484989971],[-6.38317608835,39.4849299685],[-6.38319180787,39.4848827429],[-6.38320443228,39.4848188668],[-6.38321015525,39.4847807235],[-6.38321656369,39.4847231956],[-6.38321574985,39.4845748773],[-6.38321407372,39.4844855092],[-6.38320230487,39.4842934325],[-6.38316255762,39.4839729087],[-6.3831568477,39.4839126362],[-6.38314669315,39.4838291947],[-6.38312619224,39.4837240991],[-6.38309720567,39.4836064026],[-6.38305908714,39.4834822698],[-6.38299356136,39.483295522],[-6.38275919311,39.4827858058],[-6.38265800221,39.4825831155],[-6.3825126219,39.4822671026],[-6.38242747772,39.4820864007],[-6.38233302961,39.4818759772],[-6.38220523934,39.481638805],[-6.38196800564,39.4812015126],[-6.3819030994,39.4810621076],[-6.38188128128,39.4810124181],[-6.38181551929,39.4808480344],[-6.38178392462,39.4807554589],[-6.38175936138,39.4806695033],[-6.38174270496,39.4805874452],[-6.38173368339,39.4805203893],[-6.38172322037,39.4804272674],[-6.38171878338,39.4803351272],[-6.38172106778,39.480249965],[-6.38172608962,39.4801818682],[-6.38173485035,39.4801063579],[-6.38174637118,39.4800258763],[-6.38176491694,39.4799422575],[-6.38178386039,39.4798763612],[-6.38183041192,39.4797327966],[-6.38187427873,39.479629254],[-6.38192879711,39.4795144168],[-6.38200612543,39.4793863964],[-6.38208466301,39.4792757049],[-6.38218415231,39.4791517882],[-6.38226436811,39.4790633471],[-6.38235217856,39.4789780959],[-6.38243772551,39.4789036072],[-6.38258705665,39.4787894636],[-6.38271197319,39.4787064896],[-6.38286499026,39.4786145176],[-6.38305582265,39.4785129455],[-6.38323228091,39.4784262914],[-6.38338493191,39.478357278],[-6.38355282458,39.4782864963],[-6.38371186818,39.4782249899],[-6.38387665612,39.4781652604],[-6.38406961453,39.4781012472],[-6.38432833101,39.4780171042],[-6.3844832298,39.4779669201],[-6.38459600519,39.4779308533],[-6.38471952462,39.4778935385],[-6.38490670861,39.4778466698],[-6.38503041769,39.4778206176],[-6.38515658053,39.4777999757],[-6.38522255616,39.477789135],[-6.38529608661,39.4777794904],[-6.38550851316,39.4777571552],[-6.38565390141,39.4777480678],[-6.38580286692,39.4777427682],[-6.38597502083,39.4777425215],[-6.38613377758,39.4777444818],[-6.38631456573,39.4777487836],[-6.38657409012,39.4777559299],[-6.38704439549,39.4777657304],[-6.38716070386,39.4777684801],[-6.38741659278,39.4777747714],[-6.38787406776,39.4777852763],[-6.3882376532,39.4777938101],[-6.38831508403,39.477795208],[-6.38847772891,39.477795826],[-6.38863451887,39.4777944061],[-6.38873719142,39.4777909461],[-6.38881659061,39.4777863451],[-6.38892162523,39.4777785831],[-6.38900573738,39.4777701155],[-6.38907125048,39.477763109],[-6.38929329731,39.4777420359],[-6.38945141375,39.4777437049],[-6.38960945111,39.4777485663],[-6.38971828391,39.4777528942],[-6.38982085993,39.4777591154],[-6.38985265026,39.4777614773],[-6.38987347597,39.4777647698],[-6.38989365099,39.4777692247],[-6.38992810541,39.4777815331],[-6.38995932402,39.4777991829],[-6.38999203302,39.4778175723],[-6.39003380838,39.4778417745],[-6.39004998957,39.4778498051],[-6.39007542579,39.4778608684],[-6.39009580745,39.4778679173],[-6.39012634606,39.4778770775],[-6.39015063679,39.4778816584],[-6.39017358098,39.477885133],[-6.39019768961,39.4778876248],[-6.39023256632,39.4778886435],[-6.39027210764,39.4778867068],[-6.39029562407,39.4778829977],[-6.39031727641,39.4778804238],[-6.39033627773,39.4778756718],[-6.39034982125,39.4778715265],[-6.39038052835,39.4778622622],[-6.39042057599,39.4778444642],[-6.39044720814,39.4778329279],[-6.39050739602,39.4778065543],[-6.39054268539,39.4777953751],[-6.3906014616,39.4777824365],[-6.39063771954,39.4777787025],[-6.39067709594,39.477777115],[-6.3908246766,39.4777804287],[-6.39095367699,39.4777833251],[-6.39110746883,39.4777864553],[-6.39123798178,39.4777897889],[-6.39147973546,39.477795115],[-6.39160490714,39.477797628],[-6.39192616239,39.4778044483],[-6.39207922458,39.4778077568],[-6.39213086607,39.4778093192],[-6.39220028669,39.4778132984],[-6.39229581311,39.4778211857],[-6.39237235036,39.4778285527],[-6.39250929451,39.477844337],[-6.39262061192,39.4778553091],[-6.39274049354,39.47786459],[-6.39278353448,39.4778664973],[-6.39283461935,39.4778687027],[-6.39293988275,39.4778710643],[-6.39307500653,39.4778705647],[-6.39319811919,39.4778665],[-6.39331004293,39.4778612426],[-6.3934210482,39.4778540119],[-6.39369570377,39.4778321705],[-6.39385247813,39.477816943],[-6.39408473623,39.4777904739],[-6.39430848434,39.4777640236],[-6.39457910912,39.4777305447],[-6.39483200387,39.4776992166],[-6.39492828412,39.4776855152],[-6.39507213239,39.4776678336],[-6.39523201583,39.4776440231],[-6.39547331496,39.4776061773],[-6.39565292252,39.477577041],[-6.39577307343,39.4775536781],[-6.39591220691,39.4775243806],[-6.39601084045,39.4775033201],[-6.39617850454,39.4774668829],[-6.39657056851,39.4773909535],[-6.39676196932,39.4773589901],[-6.39716295979,39.4772941632],[-6.39734146587,39.4772660296],[-6.39748755839,39.4772379936],[-6.39759627544,39.4772148877],[-6.39770613088,39.4771897474],[-6.39782130094,39.4771585837],[-6.39791887141,39.4771311084],[-6.39826093029,39.4770194647],[-6.39842602125,39.4769643114],[-6.39865840649,39.4768856385],[-6.39883180125,39.4768276103],[-6.39927595519,39.4766736384],[-6.39953991106,39.4765765589],[-6.40016505513,39.4763045611],[-6.4002900598,39.476243506],[-6.40054805237,39.476106744],[-6.40063871363,39.4760548071],[-6.40074948311,39.4759881035],[-6.40086273687,39.4759144266],[-6.401007908,39.4758098079]]"
http://opendata.caceres.es/recurso/urbanismo-infraestructuras/carriles-bici/CarrilBici/57,Carril bici 57,"[[-6.39975247965,39.4758718265],[-6.39965724327,39.4759467293],[-6.39959989324,39.4759887004],[-6.39948799709,39.4760401613],[-6.39878799824,39.4763189345],[-6.39848809212,39.4764326122],[-6.39818310528,39.4765377603],[-6.3979980805,39.476598293],[-6.39771258752,39.4766887075],[-6.39760420268,39.4767171762],[-6.39748161927,39.4767477213],[-6.39700467186,39.4768466165],[-6.39678367986,39.476888525],[-6.39643765167,39.4769563778],[-6.39608735403,39.477024945],[-6.3952648443,39.4771780868],[-6.39498263485,39.4772230775],[-6.39483799973,39.4772495356],[-6.39479282336,39.4772641768],[-6.39471262691,39.4773060451],[-6.3946449168,39.4773407782],[-6.39462922981,39.4773482535],[-6.3946141505,39.4773536826],[-6.39456705032,39.4773629253],[-6.39446487159,39.4773816435],[-6.3939793584,39.4774568936],[-6.39376405945,39.4774824315],[-6.39357531352,39.4775038806],[-6.39331102073,39.4775243169],[-6.39304967426,39.4775369918],[-6.39282526493,39.4775422558],[-6.39274877456,39.4775422757],[-6.39265192642,39.4775422214],[-6.39257917009,39.4775413355],[-6.39231787705,39.477538356],[-6.39209866078,39.4775326127],[-6.39172426236,39.4775246025],[-6.39147998599,39.4775176776],[-6.39095867674,39.4775071233],[-6.3907273529,39.4775019295],[-6.39064021435,39.4774949265],[-6.39059050558,39.4774815549],[-6.39055205268,39.4774655525],[-6.39051840644,39.4774453325],[-6.39046595124,39.4774059467],[-6.39041128796,39.477375883],[-6.3903525855,39.4773543794],[-6.3903011667,39.4773400571],[-6.39023532683,39.477314568],[-6.39018592513,39.4772797967],[-6.39001924699,39.4771602856],[-6.38998174197,39.4771321371],[-6.38994167397,39.4770994585],[-6.38990838523,39.4770641074],[-6.38987093727,39.4770110964],[-6.38983509315,39.476938668],[-6.38982082986,39.4768938575],[-6.38981771419,39.4768777216],[-6.38981195885,39.4768245094],[-6.38981190571,39.4767762076],[-6.38981646388,39.4767159368],[-6.38982552031,39.4766769445],[-6.38983531608,39.4766260833],[-6.38984948159,39.4765882671]]"
http://opendata.caceres.es/recurso/urbanismo-infraestructuras/carriles-bici/CarrilBici/58,Carril bici 58,"[[-6.38968971908,39.4765243364],[-6.38969758396,39.4765332227],[-6.38970094689,39.4765488345],[-6.38969953092,39.4765704592],[-6.38968184325,39.4766456245],[-6.38966222758,39.4767307361],[-6.38965859084,39.4767873851],[-6.38965620749,39.4768186394],[-6.38966373878,39.4768775949],[-6.38967463338,39.4769249191],[-6.38971925362,39.4770384539],[-6.38977703355,39.477125201],[-6.3898384146,39.4771887246],[-6.38984677365,39.4771942934],[-6.38987313389,39.477220073],[-6.38993870943,39.4772688607],[-6.3899742054,39.4772939039],[-6.38999024754,39.4773114482],[-6.3899963583,39.4773266509],[-6.3900015985,39.4773488959],[-6.38999885499,39.4773782406],[-6.38999147763,39.4773969067],[-6.38997213768,39.4774188351],[-6.38995472787,39.4774297431],[-6.38990810784,39.4774517166],[-6.3898368636,39.4774686791],[-6.38976894818,39.4774754934],[-6.38967861204,39.4774784486],[-6.38933676714,39.4774699454],[-6.38882482006,39.4774601229],[-6.3883221992,39.4774495487],[-6.3882323549,39.4774403205],[-6.38814294193,39.4774195673],[-6.38806648121,39.4774005471],[-6.38800177415,39.4773904418],[-6.3879211931,39.4773821424],[-6.38784504143,39.4773797097],[-6.38760494583,39.4773770906],[-6.38742116018,39.4773717818],[-6.38725749074,39.4773680747],[-6.38692216046,39.4773608101],[-6.38636922869,39.4773487872],[-6.3859888301,39.4773446014],[-6.38571394362,39.477349952],[-6.38536930515,39.477373506],[-6.38527712707,39.4773804948],[-6.38497622662,39.4774225265],[-6.3846370544,39.4774845122],[-6.3843871743,39.4775456231],[-6.3841340036,39.4776161085],[-6.38391258862,39.4776832144],[-6.38364407782,39.4777735643],[-6.38335645746,39.4778862867],[-6.38314757174,39.4779734467],[-6.38295501884,39.4780642697],[-6.38269667173,39.4781952168],[-6.38232461981,39.4784216158],[-6.38220066873,39.478512747],[-6.38211374275,39.4785799954],[-6.38186475849,39.4788105048],[-6.38173051267,39.4789615474],[-6.38164505814,39.4790724948],[-6.38150208075,39.4792795733],[-6.38143137214,39.4794081545],[-6.38137974779,39.4795095654],[-6.38128617074,39.4797461013],[-6.38125559182,39.4798489868],[-6.38120290306,39.4800740637],[-6.38119433805,39.480140488],[-6.38118471131,39.4802649964],[-6.38118509567,39.4804034184],[-6.38120332499,39.4805645794],[-6.38125121889,39.4807502099],[-6.38129501536,39.4808715877],[-6.38153503768,39.4813714173],[-6.38157634603,39.4814519123],[-6.38199526615,39.4823038324],[-6.38226043936,39.4828542555],[-6.38232344768,39.482973491],[-6.38251258983,39.4833586314],[-6.38256190218,39.4834767345],[-6.38263566398,39.4836702848],[-6.38267161936,39.4837883223],[-6.38272142316,39.4839783951],[-6.38275821946,39.48421568],[-6.38277749513,39.4844258068],[-6.38277835689,39.4846153206],[-6.38277524764,39.4846840453],[-6.38273934539,39.4850083574],[-6.38270358866,39.4851683133],[-6.38265780925,39.4853181761],[-6.38260982699,39.4854357353],[-6.38257149009,39.4855192689],[-6.38254752378,39.485563219],[-6.3825144332,39.4855954292],[-6.38248122444,39.4856113134],[-6.38245485412,39.4856201941],[-6.38242876175,39.485621666],[-6.38240277746,39.4856202568],[-6.38237065375,39.4856125301],[-6.38234564821,39.4855991965],[-6.38232342083,39.48558263],[-6.38229718729,39.4855453759],[-6.38226610785,39.4854956544],[-6.38225101413,39.4854730694],[-6.3822145098,39.4854294112],[-6.38218409078,39.4853904151]]"
http://opendata.caceres.es/recurso/urbanismo-infraestructuras/carriles-bici/CarrilBici/59,Carril bici 59,"[[-6.37675343186,39.4894895543],[-6.37678565241,39.4891344416],[-6.37682840625,39.4886549479],[-6.37685624589,39.4883360907],[-6.37676047941,39.488331104],[-6.37676991134,39.4882256239]]"
http://opendata.caceres.es/recurso/urbanismo-infraestructuras/carriles-bici/CarrilBici/6,Carril bici 6,"[[-6.37063088082,39.4476539564],[-6.37060432002,39.447608387],[-6.37059576974,39.4476007902],[-6.37058533,39.4475964411],[-6.37057130724,39.4475933818],[-6.37055787736,39.4475933522],[-6.37044494772,39.4476075234],[-6.3696261712,39.447716956],[-6.36961434312,39.4477199787],[-6.36960486589,39.4477249348],[-6.36959777488,39.447730885],[-6.36959319525,39.4477398691],[-6.36959223621,39.4477492485],[-6.36959579925,39.4477565366],[-6.37090120399,39.4500615894],[-6.37094559358,39.4501386989],[-6.37095069955,39.450144097],[-6.37096075407,39.4501498755],[-6.37097371424,39.4501520489],[-6.37098610708,39.4501508967],[-6.37101989168,39.4501394842]]"
http://opendata.caceres.es/recurso/urbanismo-infraestructuras/carriles-bici/CarrilBici/60,Carril bici 60,"[[-6.37676047941,39.488331104],[-6.37634346433,39.4883090657],[-6.37628526574,39.4883063392]]"
http://opendata.caceres.es/recurso/urbanismo-infraestructuras/carriles-bici/CarrilBici/61,Carril bici 61,"[[-6.3762143559,39.4883041507],[-6.37441242425,39.4882043037],[-6.37441000773,39.4882224083],[-6.37438126918,39.4882206828]]"
http://opendata.caceres.es/recurso/urbanismo-infraestructuras/carriles-bici/CarrilBici/62,Carril bici 62,"[[-6.37430874941,39.4882168056],[-6.37427886292,39.4882152847],[-6.37427984675,39.4882023169],[-6.37426915906,39.4882017679],[-6.37426939608,39.4881954704],[-6.37411678351,39.4881883082],[-6.37360904914,39.4881606164],[-6.37257472249,39.4881042483],[-6.37258182441,39.4880366148],[-6.37258446346,39.4879982519]]"
http://opendata.caceres.es/recurso/urbanismo-infraestructuras/carriles-bici/CarrilBici/63,Carril bici 63,"[[-6.37259023546,39.4879426649],[-6.37259155273,39.487912295],[-6.37246042444,39.4879046745],[-6.37246845948,39.4878267361],[-6.37241267982,39.4878242978]]"
http://opendata.caceres.es/recurso/urbanismo-infraestructuras/carriles-bici/CarrilBici/64,Carril bici 64,"[[-6.37677633413,39.4881685159],[-6.37678050619,39.4881302405],[-6.37687778052,39.4881354966],[-6.37695778381,39.4872621076]]"
http://opendata.caceres.es/recurso/urbanismo-infraestructuras/carriles-bici/CarrilBici/65,Carril bici 65,"[[-6.37695926968,39.4871983579],[-6.37703922236,39.486320133],[-6.37695053889,39.4863137342],[-6.37695378825,39.4862803077]]"
http://opendata.caceres.es/recurso/urbanismo-infraestructuras/carriles-bici/CarrilBici/66,Carril bici 66,"[[-6.37695824692,39.4862248106],[-6.37696279954,39.4861521758],[-6.37459909761,39.4860231568],[-6.37460208798,39.4859843945],[-6.37458216146,39.4859836752]]"
http://opendata.caceres.es/recurso/urbanismo-infraestructuras/carriles-bici/CarrilBici/67,Carril bici 67,"[[-6.37451325422,39.4859796661],[-6.3744929911,39.4859786702],[-6.37448958709,39.4860184089],[-6.37326108448,39.4859509614],[-6.37275952458,39.4859234454],[-6.37275363266,39.4859964796]]"
http://opendata.caceres.es/recurso/urbanismo-infraestructuras/carriles-bici/CarrilBici/68,Carril bici 68,"[[-6.37274896816,39.4860523507],[-6.3727460224,39.4860752857],[-6.37264583149,39.4860689492],[-6.37263752096,39.4861536406],[-6.37256448865,39.4861486265]]"
http://opendata.caceres.es/recurso/urbanismo-infraestructuras/carriles-bici/CarrilBici/69,Carril bici 69,"[[-6.3706409709,39.4878003107],[-6.37213665488,39.4878833754],[-6.37215144165,39.4878823647],[-6.37216304583,39.4878783228],[-6.37217416916,39.4878686204],[-6.37217821484,39.4878579509],[-6.37233835814,39.4860725067],[-6.3723373825,39.4860661625],[-6.372334653,39.4860603168],[-6.37232999121,39.4860550999],[-6.37232221397,39.486049678],[-6.37231312703,39.4860467823],[-6.37228267102,39.4860446139],[-6.37222618542,39.4860425295],[-6.37161504614,39.4860087826],[-6.37094894297,39.4859717991],[-6.37082995505,39.4859661477]]"
http://opendata.caceres.es/recurso/urbanismo-infraestructuras/carriles-bici/CarrilBici/7,Carril bici 7,"[[-6.37196453616,39.4500079416],[-6.3719516438,39.4499855575],[-6.37194627005,39.4499780718],[-6.37193701489,39.4499717518],[-6.37192443662,39.4499678637],[-6.37191092156,39.4499674014],[-6.37179044454,39.4500076087],[-6.3710621489,39.4502555367],[-6.37104404828,39.450264215],[-6.37103663748,39.4502732918],[-6.37103397576,39.4502849829],[-6.37103505259,39.4502939383],[-6.37106073079,39.4503415245],[-6.37187362722,39.451773574],[-6.37206735885,39.4521193922],[-6.3720759853,39.4521263247],[-6.37208792319,39.4521311385],[-6.37210041783,39.4521318911],[-6.37211241894,39.4521296554],[-6.37213429546,39.4521226292]]"
http://opendata.caceres.es/recurso/urbanismo-infraestructuras/carriles-bici/CarrilBici/70,Carril bici 70,"[[-6.37064416175,39.4859561457],[-6.36893445982,39.4858621696],[-6.36892443936,39.4858621781],[-6.36891491036,39.4858652579],[-6.36890376688,39.4858708904],[-6.36889687961,39.485876384],[-6.36889320196,39.4859094916],[-6.36888678885,39.4859990324],[-6.36886275434,39.4862589438]]"
http://opendata.caceres.es/recurso/urbanismo-infraestructuras/carriles-bici/CarrilBici/71,Carril bici 71,"[[-6.36885687457,39.4863289996],[-6.3688204324,39.4867327922]]"
http://opendata.caceres.es/recurso/urbanismo-infraestructuras/carriles-bici/CarrilBici/72,Carril bici 72,"[[-6.36881350331,39.486800101],[-6.36877772258,39.4872042459]]"
http://opendata.caceres.es/recurso/urbanismo-infraestructuras/carriles-bici/CarrilBici/73,Carril bici 73,"[[-6.3687707991,39.4872745504],[-6.36873505897,39.4876698745],[-6.36873719335,39.4876776909],[-6.36874323632,39.4876865374],[-6.36874965364,39.4876935092],[-6.36875680194,39.487697202],[-6.36890133251,39.4877054181],[-6.37050913483,39.4877921904]]"
http://opendata.caceres.es/recurso/urbanismo-infraestructuras/carriles-bici/CarrilBici/74,Carril bici 74,"[[-6.35735134378,39.4905738495],[-6.35619489993,39.4916211469],[-6.35617552732,39.491635536],[-6.35615519068,39.4916433121],[-6.35613961012,39.4916457823],[-6.35612080801,39.4916451191],[-6.35609199358,39.4916442281],[-6.35606461593,39.4916454883],[-6.35603650668,39.4916500274],[-6.35599697536,39.4916594852],[-6.35598353645,39.4916615334],[-6.35597202494,39.4916608006],[-6.35596122721,39.4916572594],[-6.35590958591,39.4916273218],[-6.35504018427,39.4911019746],[-6.35502865805,39.4910892927],[-6.35502638224,39.4910839373],[-6.35502345537,39.4910751178],[-6.35502315438,39.491069327],[-6.35502390381,39.491063291],[-6.35502626965,39.4910558122],[-6.35502791153,39.4910536974]]"
http://opendata.caceres.es/recurso/urbanismo-infraestructuras/carriles-bici/CarrilBici/75,Carril bici 75,"[[-6.35494600436,39.4910003585],[-6.35492983503,39.4910057744],[-6.35491656195,39.4910080279],[-6.3549040486,39.4910085502],[-6.35489260607,39.4910082897],[-6.35487406538,39.4910030252],[-6.35482723404,39.4909750567],[-6.35456858106,39.4908163467],[-6.35453946019,39.4907972363],[-6.35450276771,39.490770493],[-6.35447804083,39.490747947]]"
http://opendata.caceres.es/recurso/urbanismo-infraestructuras/carriles-bici/CarrilBici/76,Carril bici 76,"[[-6.35443979497,39.4907050526],[-6.35441497184,39.4906732807],[-6.35437640468,39.4906023514],[-6.3543618766,39.4905599184],[-6.3543537025,39.4905154443],[-6.3543525869,39.4905048261]]"
http://opendata.caceres.es/recurso/urbanismo-infraestructuras/carriles-bici/CarrilBici/77,Carril bici 77,"[[-6.35482566819,39.4899262599],[-6.35481491411,39.4899215762],[-6.35480624566,39.4899213789],[-6.35480098853,39.4899227389],[-6.35479502773,39.4899243518],[-6.35474348203,39.489970392],[-6.35445491457,39.490231622],[-6.35442322414,39.4902677982],[-6.35439912247,39.4903027941],[-6.35438105305,39.490338869],[-6.35436652626,39.4903776139],[-6.35436192257,39.4903949137],[-6.35435325856,39.4904392062],[-6.35435079642,39.4904881124],[-6.3543525869,39.4905048261]]"
http://opendata.caceres.es/recurso/urbanismo-infraestructuras/carriles-bici/CarrilBici/78,Carril bici 78,"[[-6.36083429431,39.4864740934],[-6.36078055475,39.4864257936],[-6.360707825,39.48635776],[-6.36048571771,39.486152888],[-6.36035807331,39.4860515929],[-6.36027360236,39.4859889418],[-6.36021299342,39.4859456644],[-6.36001357469,39.4858189413],[-6.3598708985,39.4857377836],[-6.35975730553,39.485679947],[-6.35971030218,39.4856582819],[-6.35963305244,39.4856355175],[-6.35957556372,39.4856039591],[-6.35951720753,39.4855733851],[-6.35945432243,39.485536117],[-6.35939540429,39.4855063541],[-6.35933597724,39.485492671],[-6.35921577078,39.4854676943],[-6.35912476943,39.4854441278],[-6.35880954189,39.4853492193],[-6.35845430745,39.4852480516],[-6.35831168931,39.4852080435],[-6.35784951592,39.4851103064],[-6.35740308382,39.4850143674],[-6.35721190927,39.4849730444],[-6.35703800432,39.4849348978],[-6.35690863326,39.4848994117],[-6.35654628876,39.4847889832],[-6.3563959621,39.4847315987],[-6.35624535367,39.4846536105],[-6.3560444359,39.4845334624],[-6.3559686174,39.4844830103],[-6.35583881517,39.4843909915],[-6.3557729815,39.4843414727],[-6.35555732861,39.4841580617],[-6.35544054238,39.4840429435],[-6.35525381073,39.4838355989],[-6.35519147209,39.483754549],[-6.35510388142,39.4836302918],[-6.35498380422,39.4834343687],[-6.35492131158,39.4833167783],[-6.35487095164,39.4832015238],[-6.35483548878,39.4831137966],[-6.35479939612,39.4830077071],[-6.35471252829,39.4826557927],[-6.35470499645,39.4826073315],[-6.3547021304,39.482582247],[-6.35468515617,39.4823945672],[-6.35468147783,39.482307387],[-6.35468749902,39.4822526768],[-6.35470210923,39.4822110765],[-6.35471747682,39.482181632],[-6.35474282105,39.4821496549],[-6.35476914398,39.4821234863],[-6.35482550159,39.4820705977],[-6.35485241939,39.4820333117],[-6.3548685053,39.4819934252],[-6.35487736546,39.4819729488],[-6.35491140314,39.4819320585],[-6.35492850702,39.4819213843],[-6.35495161572,39.4819124944],[-6.3550486281,39.4818923401],[-6.35512591331,39.4818799754],[-6.35516385099,39.4818723647]]"
http://opendata.caceres.es/recurso/urbanismo-infraestructuras/carriles-bici/CarrilBici/79,Carril bici 79,"[[-6.36060688569,39.4866736183],[-6.36056346985,39.4866496164],[-6.36040321632,39.4865860055],[-6.36027356091,39.4865315179],[-6.35997842479,39.4863873819],[-6.35981864937,39.4863001171],[-6.35970732756,39.4862363204],[-6.359510556,39.4861129059],[-6.35943133281,39.4860738266],[-6.35929442869,39.4860120415],[-6.35921276359,39.4859756873],[-6.35911186543,39.485924912],[-6.35899475177,39.4858677905],[-6.35886981212,39.4858241059],[-6.35867123816,39.4857525559],[-6.35848746998,39.4856916496],[-6.35837204868,39.4856588783],[-6.35829117748,39.4856426239],[-6.35823804453,39.4856323393],[-6.35814101176,39.4856077195],[-6.3580211749,39.4855756919],[-6.35783576852,39.4855438759],[-6.35760186909,39.4855051565],[-6.35751746236,39.4854941604],[-6.35740706804,39.4854690509],[-6.35704089186,39.4853932414],[-6.35694738048,39.4853561046],[-6.35687797783,39.4853227578],[-6.35655826065,39.4851756716],[-6.35646376593,39.4851203588],[-6.356356651,39.4850449847],[-6.35618872415,39.4849523428],[-6.35603476298,39.4848639237],[-6.35585348144,39.4847587055],[-6.35573108709,39.484678306],[-6.35544237744,39.4844650978],[-6.35536670865,39.4843985426],[-6.35532927957,39.4843640536],[-6.35501635337,39.484046265],[-6.35492232661,39.4839298334],[-6.35488361633,39.4838794939],[-6.3548258706,39.4837995925],[-6.35468502066,39.4835796065],[-6.35464705451,39.4835096488],[-6.3545279689,39.4832587691],[-6.35445772879,39.4830674032],[-6.35436752529,39.4826960242],[-6.35435183046,39.4825869327],[-6.35432620123,39.4823999152],[-6.35429664875,39.482308152],[-6.35426929658,39.4822576078],[-6.35421861118,39.4822049115],[-6.35416202829,39.4821643992],[-6.35411756552,39.482138701],[-6.35407620344,39.4821268302],[-6.35403551554,39.4821223842],[-6.35398938997,39.4821261786],[-6.35394827403,39.4821375209],[-6.35390615914,39.4821536037],[-6.35387169967,39.4821748291],[-6.35385026454,39.4821901291]]"
http://opendata.caceres.es/recurso/urbanismo-infraestructuras/carriles-bici/CarrilBici/8,Carril bici 8,"[[-6.37218595647,39.452211725],[-6.37215907263,39.4522230746],[-6.37215006566,39.4522314966],[-6.37214585098,39.4522401756],[-6.37214509586,39.4522508523],[-6.37217944486,39.4523149687],[-6.37281316229,39.4534239451],[-6.37289840016,39.4535541966],[-6.37297083293,39.453658384],[-6.37315334835,39.4539069686],[-6.37316244076,39.4539142345],[-6.37317834965,39.453920887],[-6.37319394281,39.4539219046],[-6.37321183176,39.4539197508],[-6.37322960951,39.4539152921],[-6.37402935449,39.4537289581],[-6.3740407943,39.4537246631],[-6.37404996166,39.4537176563],[-6.37405450015,39.4537092148],[-6.37405559265,39.4537012069],[-6.37405386467,39.4536934632],[-6.37403558846,39.4536615118]]"
http://opendata.caceres.es/recurso/urbanismo-infraestructuras/carriles-bici/CarrilBici/80,Carril bici 80,"[[-6.35375567205,39.482113831],[-6.35380998038,39.4820709813],[-6.35390898613,39.4820028667],[-6.35394579748,39.4819583219],[-6.35396740655,39.4819094598],[-6.35398207017,39.4818507957],[-6.35399750783,39.4817910146],[-6.3540316177,39.4817266858],[-6.35407183406,39.4816814511],[-6.35412939601,39.481630278],[-6.35417461606,39.4815847271],[-6.35420123549,39.4815488151],[-6.35421718695,39.4815205988],[-6.35423617248,39.4814785258],[-6.35424461731,39.4814502444]]"
http://opendata.caceres.es/recurso/urbanismo-infraestructuras/carriles-bici/CarrilBici/81,Carril bici 81,"[[-6.38433046011,39.4604624713],[-6.38432753993,39.4604320265],[-6.38431260654,39.4603285357],[-6.38427881825,39.4601111705],[-6.38426412637,39.4600257459],[-6.38425622038,39.4599753683],[-6.38423245566,39.4598015717],[-6.38420277952,39.4596285711],[-6.38416812656,39.4593899672],[-6.38411353711,39.4590324552],[-6.38409631148,39.4589248144],[-6.38406033458,39.4587153941],[-6.3840568362,39.4586940129],[-6.38404978186,39.4586782941],[-6.38404138177,39.4586666202],[-6.38400663522,39.4586367759],[-6.3839778433,39.4586211235],[-6.38394313669,39.4586103394],[-6.38391390108,39.4586065323],[-6.38387620886,39.4586053134],[-6.3838524581,39.458608113],[-6.38380796313,39.4586235137],[-6.38377626659,39.4586407684],[-6.3837453779,39.4586747126],[-6.38371473486,39.4587288969],[-6.38369404546,39.458745612],[-6.38367959118,39.4587520941],[-6.38365561631,39.4587560927],[-6.38363666515,39.4587598803],[-6.38361637615,39.4587659069],[-6.38360649153,39.4587731402],[-6.38359920271,39.4587891845]]"
http://opendata.caceres.es/recurso/urbanismo-infraestructuras/carriles-bici/CarrilBici/82,Carril bici 82,"[[-6.35424461731,39.4814502444],[-6.35425790799,39.4813543548],[-6.3542702685,39.4812020355],[-6.35427219985,39.4809602194],[-6.35426009029,39.480777844],[-6.35423314412,39.4805815158],[-6.35419190267,39.4803539676],[-6.35409430489,39.4798925807],[-6.35407388617,39.4798070325]]"
http://opendata.caceres.es/recurso/urbanismo-infraestructuras/carriles-bici/CarrilBici/83,Carril bici 83,"[[-6.35441962737,39.4797695062],[-6.35446654313,39.4799767434],[-6.35458064649,39.4805592624],[-6.35460071438,39.4806916544],[-6.35460720402,39.4807741401],[-6.35461679465,39.4808927018],[-6.35462505227,39.4810241962],[-6.35462339828,39.4811371533],[-6.35461870256,39.4813069089],[-6.35461734398,39.4814077396],[-6.35462179722,39.4814472121],[-6.35463303936,39.4814972969],[-6.35465501685,39.4815478112],[-6.35468731462,39.481591782],[-6.35479278202,39.4816899506],[-6.35482867503,39.4817200351],[-6.35486370073,39.481742372],[-6.35488226492,39.4817505746],[-6.35490280201,39.4817571549],[-6.35492812051,39.4817636588],[-6.35495169062,39.4817658625],[-6.35498563792,39.4817653385],[-6.35503811396,39.4817613464],[-6.35507992478,39.4817550738],[-6.35510494103,39.4817506418],[-6.35513165594,39.4817455191]]"
http://opendata.caceres.es/recurso/urbanismo-infraestructuras/carriles-bici/CarrilBici/84,Carril bici 84,"[[-6.36108467213,39.4843215866],[-6.36097158726,39.4844039496],[-6.36085793733,39.4844901897],[-6.36078584071,39.4845501436],[-6.36063337159,39.4846838075],[-6.36049822156,39.4848078103],[-6.36006299047,39.4851999357],[-6.36003322912,39.4852287122],[-6.36002474977,39.4852409681],[-6.36002317095,39.4852511203],[-6.36002416853,39.4852563296],[-6.36002829828,39.4852671672]]"
http://opendata.caceres.es/recurso/urbanismo-infraestructuras/carriles-bici/CarrilBici/85,Carril bici 85,"[[-6.35996050708,39.4853281445],[-6.35994838773,39.4853263873],[-6.35993808721,39.4853270794],[-6.35992824313,39.4853283377],[-6.35991443927,39.4853332107],[-6.35987015135,39.4853733271],[-6.35966517478,39.4855585282]]"
http://opendata.caceres.es/recurso/urbanismo-infraestructuras/carriles-bici/CarrilBici/86,Carril bici 86,"[[-6.35957007387,39.4856467098],[-6.35925024953,39.4859345536]]"
http://opendata.caceres.es/recurso/urbanismo-infraestructuras/carriles-bici/CarrilBici/87,Carril bici 87,"[[-6.35915143239,39.4860195893],[-6.35897876594,39.4861793249],[-6.35897028462,39.4861887644],[-6.35896763858,39.4862018561],[-6.3589679064,39.4862137174],[-6.35896995303,39.4862219838]]"
http://opendata.caceres.es/recurso/urbanismo-infraestructuras/carriles-bici/CarrilBici/88,Carril bici 88,"[[-6.35890314929,39.4862834794],[-6.35889075604,39.486282642],[-6.35887517515,39.486283955],[-6.35886188353,39.4862879133],[-6.35879485997,39.4863478886],[-6.35763300631,39.4873970199],[-6.3576287454,39.4874013687],[-6.35762634634,39.48740703],[-6.35762574881,39.4874119914],[-6.3576254121,39.4874172762],[-6.35762515574,39.4874240448],[-6.35762625136,39.4874275627],[-6.35762965839,39.4874349438]]"
http://opendata.caceres.es/recurso/urbanismo-infraestructuras/carriles-bici/CarrilBici/89,Carril bici 89,"[[-6.35755798099,39.4874988249],[-6.3575451311,39.4874974213],[-6.35753412103,39.4874979119],[-6.35752302684,39.4875006233],[-6.35751474144,39.4875048806],[-6.35747095627,39.4875442666],[-6.35620828045,39.4886875093],[-6.35619027282,39.4886978963],[-6.35616911925,39.4887048244],[-6.35614773275,39.4887070899],[-6.35612845275,39.4887078156],[-6.35611661599,39.4887102983],[-6.35610360768,39.4887148714],[-6.35608337378,39.488725173],[-6.35606204219,39.4887458046],[-6.35604917159,39.4887575522]]"
http://opendata.caceres.es/recurso/urbanismo-infraestructuras/carriles-bici/CarrilBici/9,Carril bici 9,"[[-6.37415205995,39.4536214915],[-6.3741802627,39.453672626],[-6.37419055635,39.4536812747],[-6.37420277155,39.4536848635],[-6.37421655416,39.453684369],[-6.37425404733,39.4536756583],[-6.37509409699,39.4534812325],[-6.3751125534,39.453475382],[-6.37512601859,39.4534641362],[-6.37513353067,39.453451592],[-6.3751343695,39.4534446273],[-6.37513293176,39.453435903],[-6.3751303502,39.4534247425],[-6.37512112257,39.4534092237]]"
http://opendata.caceres.es/recurso/urbanismo-infraestructuras/carriles-bici/CarrilBici/90,Carril bici 90,"[[-6.35602250839,39.4888194676],[-6.35502621536,39.4897120154]]"
http://opendata.caceres.es/recurso/urbanismo-infraestructuras/carriles-bici/CarrilBici/91,Carril bici 91,"[[-6.3549939741,39.4897415909],[-6.3549060961,39.4898220209],[-6.35489956466,39.4898300872],[-6.35489915145,39.4898337825],[-6.35489958488,39.4898367562],[-6.35490099334,39.4898392228],[-6.35490364168,39.4898414],[-6.35491173115,39.4898477235]]"
http://opendata.caceres.es/recurso/urbanismo-infraestructuras/carriles-bici/CarrilBici/92,Carril bici 92,"[[-6.35485215262,39.4896470986],[-6.35479089749,39.4897018458],[-6.35478285041,39.4897061083],[-6.35477448024,39.4897062882],[-6.35476182652,39.4896997021],[-6.35377493219,39.4890409164]]"
http://opendata.caceres.es/recurso/urbanismo-infraestructuras/carriles-bici/CarrilBici/93,Carril bici 93,"[[-6.35359595294,39.4891261558],[-6.35358513118,39.4891234748],[-6.35357695368,39.4891230769],[-6.35357108738,39.4891229433],[-6.35356490812,39.489123861],[-6.35355936685,39.4891259577],[-6.35352544117,39.4891564106],[-6.35309794453,39.4895422739],[-6.35308280521,39.4895508204],[-6.35307369775,39.4895515391],[-6.353064176,39.4895505812],[-6.35305574266,39.4895461287],[-6.35302311178,39.4895244536],[-6.35293337082,39.4894652057],[-6.35292415104,39.4894625876],[-6.35291579494,39.4894623972],[-6.35290934881,39.4894622504],[-6.35290477051,39.4894632575],[-6.35289678656,39.4894658541],[-6.3528891256,39.4894725334],[-6.35273725679,39.4896100764]]"
http://opendata.caceres.es/recurso/urbanismo-infraestructuras/carriles-bici/CarrilBici/94,Carril bici 94,"[[-6.35262505863,39.4897242917],[-6.35195792649,39.4903267073]]"
http://opendata.caceres.es/recurso/urbanismo-infraestructuras/carriles-bici/CarrilBici/95,Carril bici 95,"[[-6.35186454433,39.490407241],[-6.35119846646,39.4910063185]]"
http://opendata.caceres.es/recurso/urbanismo-infraestructuras/carriles-bici/CarrilBici/96,Carril bici 96,"[[-6.35110645743,39.4910906622],[-6.35042119717,39.4917104166],[-6.35041916664,39.4917135458],[-6.35041887756,39.4917175615],[-6.35041953545,39.4917218104],[-6.35042123257,39.4917274592],[-6.35042508058,39.4917304049],[-6.35075059672,39.491948694],[-6.35075965323,39.4919511234],[-6.35076642656,39.491952548],[-6.35077500965,39.4919530612],[-6.35078102063,39.4919529866],[-6.35078721223,39.4919517517],[-6.35079397766,39.491949789],[-6.35079775769,39.4919473348],[-6.35080823099,39.4919412226]]"
http://opendata.caceres.es/recurso/urbanismo-infraestructuras/carriles-bici/CarrilBici/97,Carril bici 97,"[[-6.35089626919,39.4920008118],[-6.35089370487,39.4920072101],[-6.35089171036,39.4920129864],[-6.35089049026,39.4920199447],[-6.35089058225,39.4920283089],[-6.35089500375,39.4920413233],[-6.35090005947,39.4920484247],[-6.3509112345,39.4920561948],[-6.3512847042,39.4923042173],[-6.35160563002,39.4925181638],[-6.35162205386,39.4925243599],[-6.35163412804,39.4925264345],[-6.35165359765,39.4925279368],[-6.35166549132,39.4925275728],[-6.35167707733,39.4925259353],[-6.35168795068,39.4925231589],[-6.35170006688,39.4925184752],[-6.351705671,39.4925147319],[-6.3517210617,39.4925039534]]"
http://opendata.caceres.es/recurso/urbanismo-infraestructuras/carriles-bici/CarrilBici/98,Carril bici 98,"[[-6.35128201325,39.4923025006],[-6.35198129454,39.4916718055]]"
http://opendata.caceres.es/recurso/urbanismo-infraestructuras/carriles-bici/CarrilBici/99,Carril bici 99,"[[-6.35207218373,39.4915908907],[-6.35274077974,39.4909875033]]"
http://opendata.caceres.es/recurso/urbanismo-infraestructuras/carriles-bici/CarrilBici/107,Carril bici 107,
